entity,n-authors,n-revs
package.json,17,75
package-lock.json,15,63
.gitlab-ci.yml,10,102
src/bootstrap.ts,10,56
src/common/config/config.ts,9,27
src/orchestrated/auth.ts,8,26
webpack/webpack.common.js,8,20
src/orchestrated/sharedData.ts,8,16
src/modules/assignments/services/BffAssignmentService.ts,8,16
src/modules/orders/components/order-details/order-content/OrderDetailsContent.vue,7,55
src/modules/marketplace/components/orders/MarketplaceOrderRow.vue,7,50
src/modules/marketplace/components/orders/MarketplaceOrderList.vue,7,48
src/modules/marketplace/store/actions.ts,7,47
src/modules/orders/components/order-details/OrderDetailsPage.vue,7,43
src/modules/marketplace/components/orders/__tests__/MarketplaceOrderRow.spec.ts,7,40
src/common/services/RestService.ts,7,25
src/modules/assignments/base/dependencies.ts,7,25
.env.dev,7,21
src/common/services/GenericService.ts,7,20
src/modules/assignments/services/__tests__/BffAssignmentService.spec.ts,7,15
src/modules/marketplace/components/LoadLockedPromoBanner.vue,7,14
sndt.json,7,12
src/orchestrated/logger.ts,7,11
catalog-info.yaml,7,11
src/orchestrated/languages.ts,7,9
src/setup-jest.ts,6,44
src/modules/marketplace/types/interfaces.ts,6,40
src/modules/filters/components/filter-add/FilterAdd.vue,6,34
src/router.ts,6,31
src/modules/filters/store/actions.ts,6,27
src/modules/accept-now/app/AcceptNowConfirmDialog.vue,6,26
src/modules/assignments/components/Assignments.vue,6,24
src/modules/bids/app/bidding-block/useBiddingBlock.ts,6,23
src/modules/marketplace/components/MarketplaceTabs.vue,6,23
src/common/scripts/backendClient.ts,6,22
src/modules/accept-now/app/AcceptNowConfirmDialog.spec.ts,6,22
.env.prod,6,21
webpack/webpack.prod.js,6,21
src/common/base/orcas.ts,6,19
src/modules/bids/app/bidding-block/bid-form/BidForm.vue,6,19
src/common/components/NonAccessPlaceholder.vue,6,16
src/modules/filters/components/filter-edit/SavedLaneEditDialog.vue,6,16
src/modules/assignments/services/AssignmentService.ts,6,15
src/modules/bids/app/bid-table-cell/actions/OrderListBidActions.vue,6,15
src/modules/marketplace/components/__tests__/MarketplaceTabs.spec.ts,6,15
src/common/base/mixins/__tests__/refreshDialogMixin.spec.ts,6,14
src/modules/bids/app/bidding-block/BiddingBlock.vue,6,14
src/integrations/sentry.ts,6,13
jest.config.js,6,13
src/modules/tender/components/tender-details/tender-content/tender-bids/__tests__/TenderBidChange.spec.ts,6,11
src/orchestrated/tenants.ts,6,9
src/modules/assignments/classes/__tests__/OrderAssignmentsResponse.spec.ts,6,9
src/modules/orders/mocks/marketplace.mocks.ts,5,58
src/App.vue,5,46
src/modules/orders/types/interfaces.ts,5,44
src/common/types/interfaces.ts,5,44
src/modules/orders/mocks/orders.mock.ts,5,37
src/modules/orders/components/order-details/__tests__/OrderDetailsPage.spec.ts,5,33
src/modules/orders/mocks/transport-offers.mock.ts,5,28
src/modules/orders/components/order-details/order-content/OrderDetailsContent.spec.ts,5,27
src/modules/accept-now/app/useAcceptNowConfirm.spec.ts,5,26
src/common/base/helpers.ts,5,25
src/modules/accept-now/app/useAcceptNowConfirm.ts,5,25
src/modules/marketplace/store/mutations.ts,5,24
src/modules/tender/components/tender-details/TenderDetails.vue,5,23
src/modules/marketplace/components/Marketplace.vue,5,22
src/modules/marketplace/models/TransportOffers.ts,5,22
src/modules/bids/app/bidding-block/useBiddingBlock.spec.ts,5,22
src/modules/orders/base/dependencies.ts,5,21
src/modules/marketplace/components/orders/MarketplaceOrderList.spec.ts,5,20
src/modules/bids/app/bidding-block/cancel-bid-dialog/CancelBidDialog.vue,5,18
src/modules/orders/segmentEvents.ts,5,18
src/modules/tender/base/dependencies.ts,5,18
src/common/components/HereMap.vue,5,17
src/modules/assignments/store/actions.ts,5,17
src/modules/bids/app/bid-table-cell/OrderListBid.vue,5,16
src/modules/marketplace/components/MarketplaceAllLanes.vue,5,16
src/modules/marketplace/helpers.ts,5,16
src/modules/bids/services/BiddingRegularOrderService.ts,5,16
src/modules/bids/services/errors/BiddingServiceErrors.ts,5,14
src/modules/assignments/components/AssignmentRow.vue,5,14
src/modules/tender/services/BiddingTenderService.ts,5,14
src/modules/bids/app/bidding-block/BiddingBlock.spec.ts,5,14
src/modules/marketplace/components/MarketplaceSavedLanes.vue,5,13
src/modules/marketplace/types/enums.ts,5,13
src/modules/filters/services/SavedLaneClient.ts,5,13
src/modules/marketplace/components/orders/MarketplaceZeroResultsRecommendations.vue,5,13
src/modules/tender/components/tender-list/TendersNoResults.vue,5,13
src/modules/tender/components/tender-details/tender-content/tender-bids/TenderBidChange.vue,5,13
src/common/types/enums.ts,5,12
src/modules/bids/services/BiddingRegularOrderService.spec.ts,5,12
src/modules/bids/app/bidding-block/bid-form/useBidForm.ts,5,12
src/modules/tender/components/tender-details/__tests__/TenderDetails.spec.ts,5,12
src/modules/assignments/types/serviceTypes.ts,5,12
src/modules/bids/app/bid-table-cell/status/OrderListBidStatus.vue,5,11
src/modules/tender/components/tender-details/tender-content/tender-bids/__tests__/TenderPlaceBid.spec.ts,5,11
src/common/components/FuelSurcharge.vue,5,10
README.md,5,10
.gitignore,5,10
src/modules/orders/components/order-details/order-content/order-load-details/order-map/__tests__/OrderDetailsMap.spec.ts,5,10
src/modules/bids/app/bidding-block/bid-form/useBidForm.spec.ts,5,10
src/common/components/__tests__/FuelSurcharge.spec.ts,5,10
src/modules/assignments/services/CarrierAssignmentService.ts,5,9
src/modules/assignments/services/MothershipAssignmentService.ts,5,9
src/modules/bids/app/bidding-block/confirm-bid-dialog/ConfirmBidDialog.vue,5,9
src/modules/next-load-suggestions/composition/useNextLoadSuggestions.ts,5,9
src/modules/bids/composition/useBidActions.spec.ts,5,8
src/languages/en.json,5,8
src/modules/next-load-suggestions/composition/useNextLoadSuggestions.spec.ts,5,8
src/common/services/errors/__tests__/GenericServiceErrors.spec.ts,5,8
.env.uat,5,8
src/modules/bids/app/bidding-block/bidding-statuses/useBiddingStatus.spec.ts,5,8
src/modules/assignments/services/__tests__/AssignmentService.spec.ts,5,8
src/modules/assignments/classes/OrderAssignmentsResponse.ts,5,8
src/modules/assignments/components/__tests__/Assignments.spec.ts,5,8
src/modules/bids/app/bidding-block/bidding-statuses/useBiddingStatus.ts,5,7
src/orchestrated/notifications.ts,5,7
src/modules/tender/components/tender-list/TenderList.spec.ts,5,6
src/modules/tender/components/tender-list/TenderTableRow.spec.ts,5,6
src/common/services/errors/GenericServiceErrors.ts,5,6
src/modules/tender/components/tender-list/TendersTable.spec.ts,5,5
src/modules/orders/services/MarketplaceOrderService.ts,4,42
src/modules/bids/models/Bid.ts,4,35
src/modules/orders/services/marketplace-transformers.ts,4,32
src/modules/orders/services/marketplace-transformers.spec.ts,4,29
src/common/base/mocks.ts,4,28
src/modules/marketplace/store/actions.spec.ts,4,26
src/local-setup.ts,4,25
src/modules/bids/models/mocks/Bid.ts,4,24
src/store/index.ts,4,24
src/modules/bids/store/getters.ts,4,23
src/modules/filters/components/filter-bar/MarketplaceListStatusBar.vue,4,22
src/modules/marketplace/store/index.ts,4,21
src/modules/marketplace/store/getters.ts,4,21
src/modules/orders/models/mocks/Order.ts,4,19
src/routes.ts,4,19
src/modules/bids/store/getters.spec.ts,4,17
src/modules/accept-now/models/accept-now.ts,4,17
src/modules/bids/models/BidActions.ts,4,16
src/modules/filters/components/filter-bar/Sorting.vue,4,16
src/modules/bids-deprecated/services/BiddingClient.ts,4,15
src/modules/filters/components/filter-details/SavedLane.vue,4,15
src/modules/bids/app/bid-details/OrderBid.vue,4,14
src/common/filter/Status.vue,4,14
src/modules/accept-now/app/accept-now-block/AcceptNowBlock.vue,4,14
src/modules/bids/app/bidding-block/bid-form/BidForm.spec.ts,4,14
src/modules/orders/mocks/store.mock.ts,4,14
src/modules/filters/services/SavedLaneClient.spec.ts,4,14
src/modules/accept-now/app/accept-now-block/AcceptNowBlock.spec.ts,4,14
src/modules/bids-deprecated/services/BiddingClient.spec.ts,4,14
src/modules/marketplace/components/orders/MarketplaceTable.vue,4,13
src/modules/accept-now/app/AcceptNowSuccessDialog.vue,4,13
src/modules/accept-now/app/AcceptNowSuccessDialog.spec.ts,4,13
src/modules/bids/base/helpers.ts,4,13
src/modules/filters/components/filter-bar/__tests__/Sorting.spec.ts,4,13
src/modules/marketplace/components/orders/MarketplaceZeroResultsRecommendations.spec.ts,4,13
src/modules/marketplace/components/orders/__tests__/MarketplaceTable.spec.ts,4,12
src/modules/marketplace/components/Banner.vue,4,12
src/modules/filters/base/dependencies.ts,4,12
src/modules/tender/components/tender-list/TendersTable.vue,4,12
src/modules/bids/services/BiddingClient.ts,4,12
src/common/components/VehicleTypes.vue,4,11
src/modules/filters/components/filter-details/SavedLaneDetails.vue,4,11
src/modules/assignments/types/interfaces.ts,4,11
src/modules/bids/composition/useAvailableBidActions.spec.ts,4,11
src/modules/accept-now/app/AcceptNowContent.spec.ts,4,11
src/App.spec.ts,4,11
src/modules/tender/services/TenderService.ts,4,11
src/modules/bids/services/BiddingClient.spec.ts,4,11
src/modules/accept-now/app/AcceptNowContent.vue,4,10
src/orchestrated/shared-data.ts,4,10
src/modules/orders/components/order-details/order-next-suggestions/NextLoadSuggestions.vue,4,10
src/common/http/errors/GenericServiceErrors.spec.ts,4,10
src/common/filter/__tests__/Status.spec.ts,4,10
src/modules/assignments/mocks/store.mock.ts,4,10
src/modules/orders/components/order-details/order-content/order-load-details/order-route-details/__tests__/verticalStepper.spec.ts,4,10
src/modules/bids/app/bid-details/cancel-bid-dialog/CancelBidDialog.vue,4,10
src/modules/bids/app/bid-table-cell/actions/OrderListBidActions.spec.ts,4,9
src/modules/tender/components/tender-details/tender-content/tender-bids/TenderPlaceBid.vue,4,9
src/modules/marketplace/components/orders/__tests__/MarketplaceOrderList.spec.ts,4,9
src/modules/bids-deprecated/services/BiddingOrderService.ts,4,9
src/modules/bids/app/bidding-block/useBidInAcceptedState.spec.ts,4,9
src/common/components/BackButton.vue,4,8
src/modules/bids/app/bidding-block/last-bid/LastBid.vue,4,8
src/modules/bids/composition/useBids.spec.ts,4,8
src/modules/orders/components/common/__tests__/OrderRouteStop.spec.ts,4,8
src/modules/assignments/components/AssignmentsFilters.vue,4,8
src/modules/accept-now-deprecated/services/AcceptNowService.spec.ts,4,8
src/common/config/tenants.ts,4,8
src/modules/accept-now/app/accept-now-action/AcceptNowAction.vue,4,8
src/tracking/helpers.ts,4,8
src/modules/bids-deprecated/app/bid-table-cell/actions/OrderListBidActions.vue,4,8
src/modules/tender/components/tender-details/tender-content/tender-load-details/__tests__/TenderContractInfo.spec.ts,4,8
src/languages/it.json,4,7
public/index.html,4,7
src/languages/de.json,4,7
src/modules/assignments/types/constants.ts,4,7
src/modules/bids/composition/useAvailableBidActions.ts,4,7
src/modules/bids/app/bid-details/OrderBid.spec.ts,4,7
src/modules/bids/app/accept-now/AcceptNow.vue,4,7
src/modules/orders/services/BiddingRegularOrderService.ts,4,7
src/modules/tender/components/tender-details/tender-content/__tests__/TenderContent.spec.ts,4,7
src/modules/bids/composition/useLowestBidPrice.spec.ts,4,7
src/common/components/__tests__/VehicleTypes.spec.ts,4,7
src/modules/assignments/types/enums.ts,4,7
src/modules/bids/app/bid-details/confirm-bid-dialog/ConfirmBidDialog.vue,4,7
src/languages/es.json,4,7
src/modules/bids-deprecated/app/bidding-block/useBiddingBlock.ts,4,7
src/languages/pl.json,4,7
src/modules/accept-now/models/mocks/accept-now-mock.ts,4,7
src/languages/fr.json,4,7
src/languages/ru.json,4,7
src/modules/bids-deprecated/models/BidActions.ts,4,7
src/modules/bids/app/bid-details/PlaceBid.spec.ts,4,7
src/modules/bids/app/bid-details/bid-input/BidInputWithCondition.vue,4,7
src/modules/bids/app/PlaceBid.spec.ts,4,7
src/languages/pt.json,4,7
src/modules/tender/components/tender-details/tender-content/TenderBid.vue,4,7
src/modules/bids/services/mocks/BiddingClient-mock.ts,4,6
src/modules/assignments/components/ValidityCounter.vue,4,6
src/modules/accept-now/featureFlags.ts,4,6
src/modules/bids/app/bid-details/bid-input/change-bid-condition/OrderChangeBidCondition.vue,4,6
src/modules/tender/components/tender-details/tender-content/__tests__/TenderRoute.spec.ts,4,6
src/modules/assignments/components/orders/OrderId.vue,4,6
src/modules/bids/app/bid-details/last-bid/LastBid.vue,4,6
src/common/services/__tests__/GenericService.spec.ts,4,6
src/modules/tender/components/tender-details/tender-content/tender-load-details/__tests__/TenderRequirements.spec.ts,4,6
src/modules/bids/app/bid-details/ChangeBid.spec.ts,4,6
src/modules/assignments/mocks/AssignmentService.mock.ts,4,6
src/modules/accept-now-deprecated/app/accept-now-action/AcceptNowAction.vue,4,6
src/modules/tender/components/tender-list/__tests__/TendersNoResults.spec.ts,4,6
src/modules/bids/app/bid-details/CancelBid.spec.ts,4,6
src/modules/accept-now-deprecated/app/AcceptNowContent.spec.ts,4,6
src/modules/bids/composition/useBidActions.ts,4,6
src/modules/orders/components/order-details/order-content/order-load-details/order-description/__tests__/OrderDetailsDescription.spec.ts,4,6
src/modules/bids-deprecated/app/bidding-block/BiddingBlock.spec.ts,4,5
src/modules/bids/widgets/AcceptNowConfirmDialog.spec.ts,4,5
src/modules/bids-deprecated/services/BiddingOrderService.spec.ts,4,5
src/modules/bids/services/mocks/index.ts,4,5
src/modules/bids/app/bidding-block/bidding-statuses/BiddingStatuses.spec.ts,4,5
src/modules/accept-now/app/accept-now-block/useAcceptNowBlock.ts,4,5
src/modules/tender/components/tender-details/tender-content/__tests__/TenderBid.spec.ts,4,5
src/modules/orders/components/order-details/order-content/order-load-details/__tests__/OrderDetailsExpectedCost.spec.ts,4,4
src/modules/orders/components/order-details/order-next-suggestions/__tests__/NextLoadSuggestions.spec.ts,4,4
src/modules/accept-now/models/accept-now-dialog.ts,4,4
src/modules/tender/components/tender-list/TendersNoResults.spec.ts,4,4
src/modules/orders/services/MarketplaceClient.ts,3,23
src/store/types.ts,3,22
src/common/http/http-client.spec.ts,3,18
src/common/http/http-client.ts,3,17
src/modules/marketplace/types/storeTypes.ts,3,17
src/modules/marketplace/segmentEvents.ts,3,17
src/modules/marketplace/components/orders/useZeroResultsRecommendedOrdersHook.ts,3,16
src/modules/bids/events/BidEventConsumer.spec.ts,3,15
src/modules/tender/tender.mocks.ts,3,15
src/modules/marketplace/models/mocks/ZeroResultsRecommendedOrders.ts,3,15
src/modules/marketplace/components/orders/useZeroResultsRecommendedOrdersHook.spec.ts,3,15
src/modules/orders/services/MarketplaceOrderService.spec.ts,3,15
src/modules/orders/base/helpers.ts,3,14
src/modules/tender/types/interfaces.ts,3,14
src/modules/marketplace/types/serviceTypes.ts,3,14
src/modules/assignments/store/__tests__/actions.spec.ts,3,14
src/modules/orders/components/order-details/order-content/order-bids/OrderBid.vue,3,14
src/modules/bids/app/bid-table-cell/OrderListBid.spec.ts,3,13
tsconfig.json,3,13
src/modules/bids/events/BidEventConsumer.ts,3,13
src/modules/bids/models/mocks/BidActions.ts,3,13
src/modules/orders/types/serviceTypes.ts,3,13
src/modules/accept-now/events/AcceptNowEventConsumer.spec.ts,3,12
src/modules/orders/components/order-details/order-content/order-mobile/OrderBidDialog.vue,3,12
src/modules/filters/components/filter-details/__tests__/SavedLane.spec.ts,3,12
src/modules/filters/components/SavedLanes.vue,3,12
src/modules/tender/components/tender-details/tender-content/TenderContent.vue,3,12
src/modules/orders/store/getters.ts,3,12
src/modules/bids/events/BidEvents.ts,3,12
src/modules/filters/components/filter-details/__tests__/SavedLaneDetails.spec.ts,3,12
src/modules/marketplace/components/__tests__/Marketplace.spec.ts,3,11
src/modules/orders/store/__tests__/actions.spec.ts,3,11
src/modules/bids/store/index.ts,3,11
src/orchestrator-setup.ts,3,11
src/modules/orders/components/order-details/order-content/order-mobile/__tests__/OrderBidDialog.spec.ts,3,11
src/store/mutations.ts,3,11
src/modules/bids/store/actions.ts,3,11
src/modules/filters/components/common/RadiusFilter.vue,3,11
src/modules/accept-now/events/AcceptNowEventConsumer.ts,3,10
src/common/filter/AddressTypeAhead.vue,3,10
src/modules/orders/components/order-details/order-content/__tests__/OrderDetailsContent.spec.ts,3,10
src/modules/bids/services/IBiddingService.ts,3,10
src/modules/filters/components/filter-add/SavedLaneConfirmDialog.vue,3,10
src/modules/assignments/components/orders/VehicleTypes.vue,3,10
src/modules/orders/store/actions.ts,3,10
src/modules/orders/components/order-details/order-content/order-bids/__tests__/PlaceBid.spec.ts,3,10
src/modules/orders/components/order-details/order-content/order-load-details/order-route-details/VerticalStepper.vue,3,10
src/modules/accept-now/services/AcceptNowService.ts,3,10
src/modules/bids/services/BiddingOrderService.ts,3,9
src/modules/bids-deprecated/app/bid-table-cell/OrderListBid.spec.ts,3,9
src/modules/filters/services/SavedLaneOrderService.ts,3,9
src/modules/marketplace/constants.ts,3,9
src/modules/bids/app/bidding-block/useCancelBidDialog.ts,3,9
src/common/components/TransportRequestStatusTableCell.vue,3,9
src/modules/bids/tracking/trackBidEvent.ts,3,9
src/modules/filters/components/filter-list/SavedLaneWithOrders.vue,3,9
src/modules/bids/base/helpers.spec.ts,3,9
src/modules/filters/components/filter-list/__tests__/SavedLaneList.spec.ts,3,9
src/common/services/interfaces/IRestService.ts,3,9
src/modules/orders/components/order-details/order-content/order-bids/__tests__/ChangeBid.spec.ts,3,9
src/modules/filters/store/mutations.ts,3,9
src/modules/filters/components/filter-add/FilterAdd.spec.ts,3,9
src/modules/filters/components/filter-add/__tests__/FilterAdd.spec.ts,3,9
src/modules/filters/components/common/AddressTypeAhead.vue,3,9
src/modules/tender/components/tender-details/tender-content/tender-load-details/TenderContractInfo.vue,3,9
src/modules/assignments/components/orders/ContactTableCell.vue,3,9
src/modules/assignments/components/assignmentDetailsDialog/AssignmentDetailsView.vue,3,9
src/modules/bids/app/bidding-block/useCancelBidDialog.spec.ts,3,9
src/modules/orders/components/order-details/order-content/order-load-details/order-route-details/__tests__/OrderDetailsStops.spec.ts,3,9
src/common/filter/ListStatusBar.vue,3,8
src/modules/bids/store/mocks/getters.ts,3,8
src/modules/assignments/components/Assignments.spec.ts,3,8
src/modules/bids/services/BiddingOrderService.spec.ts,3,8
src/modules/bids/models/index.ts,3,8
src/modules/accept-now/events/AcceptNowEvents.ts,3,8
src/modules/orders/components/common/OrderRoute.vue,3,8
src/modules/orders/components/common/OrderRouteStop.vue,3,8
src/tracking/segment.ts,3,8
src/modules/bids/store/mutations.ts,3,8
src/modules/bids/services/errors/BiddingServiceErrors.spec.ts,3,8
src/modules/marketplace/components/orders/OrderActionsButtonTableCell.vue,3,8
src/modules/assignments/store/getters.ts,3,8
src/modules/tender/components/tender-list/tender-table-row/TenderTableCellYourBids.vue,3,8
src/modules/marketplace/components/orders/OrderRouteTableCells.vue,3,8
src/modules/orders/classes/OrderDetailsView.ts,3,8
src/modules/bids/store/actions.spec.ts,3,8
src/modules/bids/app/OrderBid.vue,3,8
src/modules/marketplace/store/actions-types.ts,3,8
src/modules/filters/base/helpers.ts,3,8
src/modules/assignments/store/mutations.ts,3,8
src/modules/assignments/components/assignmentDetailsDialog/__tests__/AssignmentDetailsView.spec.ts,3,8
src/modules/bids-deprecated/models/Bid.ts,3,8
src/modules/filters/components/common/DropdownFilter.vue,3,8
src/modules/assignments/types/storeTypes.ts,3,8
src/modules/assignments/components/assignmentDetailsDialog/__tests__/OrderDetailsLoadContent.spec.ts,3,8
src/common/filter/DateRangePicker.vue,3,8
src/modules/filters/store/getters.ts,3,8
src/modules/assignments/components/assignmentDetailsDialog/OrderDetailsLoadSectionDetails.vue,3,7
src/common/components/__tests__/TransportRequestStatusTableCell.spec.ts,3,7
src/modules/bids/app/bidding-block/bid-input/change-bid-condition/OrderChangeBidCondition.vue,3,7
src/common/classes/MarketplaceTab.ts,3,7
src/common/mocks/sharedData.ts,3,7
src/modules/orders/components/order-details/order-content/useSelectedOrder.spec.ts,3,7
src/modules/orders/components/order-details/order-content/useSelectedOrder.ts,3,7
src/modules/bids/app/bidding-block/bid-input/BidInputWithCondition.vue,3,7
src/modules/assignments/components/assignmentDetailsDialog/__tests__/OrderDetailsLoadSectionDetails.spec.ts,3,7
src/modules/filters/components/filter-bar/Status.spec.ts,3,7
src/modules/accept-now/app/accept-now-action/AcceptNowAction.spec.ts,3,7
src/modules/tender/store/actions.ts,3,7
src/modules/filters/components/filter-bar/Sorting.spec.ts,3,7
src/modules/bids/app/cancel-bid-dialog/CancelBidDialog.vue,3,7
src/modules/marketplace/components/orders/MarketplaceTableTitles.vue,3,7
src/modules/orders/components/order-details/order-header/OrderDetailsPagination.vue,3,7
src/common/filter/TypeAheadField.vue,3,7
src/modules/bids/app/bid-table-cell/status/OrderListBidStatus.spec.ts,3,7
src/common/types/constants.ts,3,7
src/modules/accept-now/services/AcceptNowService.spec.ts,3,7
src/modules/assignments/components/orders/__tests__/VehicleTypes.spec.ts,3,7
src/modules/orders/services/__tests__/MarketplaceOrderService.spec.ts,3,7
src/tracking/helpers.spec.ts,3,7
src/modules/orders/components/order-details/test-helpers/OrderDetailsPageWrapper.ts,3,7
src/config.ts,3,7
src/modules/assignments/components/orders/OrderRouteTableCells.vue,3,7
src/common/services/interfaces/IGenericService.ts,3,7
src/modules/assignments/components/assignmentDetailsDialog/OrderDetailsLoadContent.vue,3,7
src/modules/transport-offers/services/LoadService.ts,3,7
src/modules/orders/components/order-details/order-content/order-load-details/OrderDetailsSectionHeadline.vue,3,6
src/modules/orders/components/order-details/order-content/order-load-details/order-route-details/__tests__/loadStopsList.spec.ts,3,6
src/common/components/OrderDistance.vue,3,6
src/modules/bids/app/ChangeBid.spec.ts,3,6
src/modules/orders/classes/__tests__/OrderDetailsView.spec.ts,3,6
src/orchestrated/error-handler.ts,3,6
src/modules/assignments/components/AssignmentsActionButtons.vue,3,6
src/modules/bids-deprecated/models/mocks/BidActions.ts,3,6
src/common/segmentEvents.ts,3,6
src/orchestrated/router.ts,3,6
src/modules/bids/featureFlags.ts,3,6
src/orchestrated/segment.ts,3,6
src/modules/bids/services/BiddingSpotOrderService.ts,3,6
src/modules/bids/app/bid-table-cell/status/useBidStatus.ts,3,6
src/modules/assignments/components/ListPagination.vue,3,6
src/modules/assignments/components/OrderDetailsTotalPrice.vue,3,6
src/types/sharedData.d.ts,3,6
src/modules/orders/components/order-details/order-content/order-load-details/__tests__/OrderDetailsSectionHeadline.spec.ts,3,6
src/modules/assignments/mocks/orderAssignments.ts,3,6
src/modules/bids-deprecated/app/bidding-block/bid-form/BidForm.spec.ts,3,6
src/modules/assignments/common/__tests__/Table.spec.ts,3,6
src/modules/assignments/components/orders/__tests__/ContactTableCell.spec.ts,3,6
src/modules/bids/models/BidCondition.ts,3,6
src/modules/orders/services/errors/OrderServiceErrors.ts,3,6
src/modules/next-load-suggestions/app/order-next-suggestions/__tests__/NextLoadSuggestions.spec.ts,3,6
src/modules/assignments/classes/OrderAssignment.ts,3,6
src/modules/assignments/services/__tests__/MothershipAssignmentService.spec.ts,3,6
src/modules/bids/store/mutations.spec.ts,3,6
src/modules/tender/components/tender-list/__tests__/TenderTableRow.spec.ts,3,6
src/modules/next-load-suggestions/app/order-next-suggestions/NextLoadSuggestionRow.vue,3,6
src/modules/assignments/components/assignmentDetailsDialog/OrderDetailsLoadSection.vue,3,6
src/modules/assignments/segmentEvents.ts,3,6
src/modules/tender/classes/tender-details/ContractInfo.ts,3,6
src/modules/bids/app/OrderBid.spec.ts,3,6
src/modules/bids-deprecated/store/actions.spec.ts,3,6
src/modules/bids-deprecated/events/BidEventConsumer.spec.ts,3,6
src/modules/bids-deprecated/store/actions.ts,3,6
src/modules/assignments/components/AssignmentRow.spec.ts,3,6
src/modules/tender/components/tender-list/__tests__/TendersTable.spec.ts,3,6
src/modules/filters/components/common/__tests__/RadiusAddressWrapper.spec.ts,3,5
src/modules/bids/app/bid-details/cta-buttons/CTAButtons.vue,3,5
src/orchestrated/index.ts,3,5
src/modules/bids-deprecated/app/bidding-block/bid-form/BidForm.vue,3,5
src/modules/filters/components/filter-details/FilterComponent.spec.ts,3,5
src/modules/accept-now/composition/useAcceptNow.ts,3,5
src/modules/assignments/components/orders/__tests__/OrderRequirementsTableCell.spec.ts,3,5
src/modules/orders/components/order-details/order-content/order-load-details/order-route-details/OrderDetailsStops.vue,3,5
src/modules/assignments/components/Status.vue,3,5
src/modules/bids/services/mocks/BiddingService.ts,3,5
src/modules/tender/classes/tender-details/__tests__/LoadRequirement.spec.ts,3,5
src/modules/orders/types/enums.ts,3,5
src/modules/filters/components/filter-bar/BundleOptionsFilterDropdown.vue,3,5
integration-tests/readme.md,3,5
src/modules/marketplace/components/orders/OrderBundleTableCell.vue,3,5
src/modules/filters/components/common/__tests__/DropdownFilter.spec.ts,3,5
src/modules/assignments/components/orders/OrderRouteDropoff.vue,3,5
src/modules/assignments/components/orders/__tests__/OrderRouteTableCells.spec.ts,3,5
src/experiments/price-guidance/components/PriceGuidanceBanner.spec.ts,3,5
src/common/base/mixins/__tests__/RefreshDialogTestComponent.vue,3,5
src/modules/tender/classes/tender-details/__tests__/ContractInfo.spec.ts,3,5
src/modules/bids/widgets/AcceptNowConfirmDialog.vue,3,5
src/modules/assignments/components/orders/__tests__/OrderLoadDescriptionTableCell.spec.ts,3,5
src/modules/filters/components/common/__tests__/RadiusFilter.spec.ts,3,5
src/common/scripts/backendClient.js,3,5
src/modules/assignments/components/assignmentDetailsDialog/__tests__/OrderDetailsSectionHeadline.spec.ts,3,5
src/modules/bids/app/OrderBidBlock.spec.ts,3,5
src/modules/bids-deprecated/app/bidding-block/useBiddingBlock.spec.ts,3,5
src/auth.ts,3,5
src/common/components/load-stops-list/StopAccordion.vue,3,5
src/modules/assignments/components/assignmentDetailsDialog/OrderDetailsSectionHeadline.vue,3,5
src/modules/assignments/components/orders/OrderRoutePickup.vue,3,5
src/modules/assignments/components/orders/__tests__/OrderIdTableCell.spec.ts,3,5
src/common/components/load-stops-list/ShowLess.vue,3,5
src/modules/assignments/components/assignmentDetailsDialog/__tests__/OrderDetailsLoadSection.spec.ts,3,5
src/modules/orders/store/mutations.ts,3,5
src/modules/filters/components/common/RadiusFilter.spec.ts,3,5
src/common/services/interfaces/IGetService.ts,3,5
src/modules/marketplace/components/orders/__tests__/OrderRouteTableCells.spec.ts,3,5
src/modules/bids/app/floating-block/OrderDetailsFloatingBlock.vue,3,5
src/modules/accept-now-deprecated/services/AcceptNowService.ts,3,5
src/modules/orders/components/order-details/order-next-suggestions/NextLoadSuggestionRow.vue,3,5
src/routes.spec.ts,3,5
src/modules/bids/services/BiddingSpotOrderService.spec.ts,3,5
src/modules/bids/app/bid-input/BidInputWithCondition.vue,3,5
src/modules/marketplace/featureFlags.ts,3,5
src/modules/assignments/components/orders/OrderRequirements.vue,3,5
src/modules/assignments/base/mixins/autoReload.ts,3,5
src/modules/bids-deprecated/app/bid-table-cell/actions/OrderListBidActions.spec.ts,3,5
src/modules/next-load-suggestions/app/order-next-suggestions/NextLoadSuggestions.vue,3,5
src/modules/bids/app/bidding-block-actions/BiddingBlockActions.vue,3,5
src/modules/accept-now-deprecated/models/accept-now.ts,3,5
.husky/pre-commit,3,5
src/modules/tender/services/BiddingTenderService.spec.ts,3,5
src/modules/bids-deprecated/app/bidding-block/cancel-bid-dialog/CancelBidDialog.vue,3,5
src/modules/tender/components/tender-details/tender-content/tender-bids/__tests__/TenderPriceBidInput.spec.ts,3,5
src/modules/assignments/components/assignmentDetailsDialog/__tests__/OrderDetailsDialogHeadline.spec.ts,3,5
src/modules/filters/components/__tests__/SavedLanesNoResults.spec.ts,3,5
sonar-project.properties,3,5
src/modules/tender/components/tender-details/tender-content/__tests__/TenderMap.spec.ts,3,5
src/modules/assignments/classes/__tests__/OrderAssignment.spec.ts,3,5
src/modules/assignments/components/assignmentDetailsDialog/__tests__/OrderDetailsTotalPrice.spec.ts,3,5
src/modules/assignments/components/orders/__tests__/LoadWeightSpecification.spec.ts,3,5
src/modules/bids/app/bid-table-cell/status/useBidStatus.spec.ts,3,5
src/modules/bids/app/bid-details/floating-block/OrderDetailsFloatingBlock.vue,3,5
src/modules/tender/components/tender-details/tender-content/tender-bids/__tests__/TenderWeekLoadChooser.spec.ts,3,4
src/modules/orders/mocks/marketplaceService.mocks.ts,3,4
src/common/testing/test-helpers.ts,3,4
src/modules/tender/components/tender-details/__tests__/TenderError.spec.ts,3,4
src/modules/bids/app/bidding-block/useBidInAcceptedState.ts,3,4
src/modules/tender/components/tender-details/tender-content/tender-load-details/TenderLoadDetails.vue,3,4
src/modules/accept-now/composition/useAcceptNowNotification.ts,3,4
src/modules/bids/app/CancelBid.spec.ts,3,4
src/modules/bids/models/BidCondition.spec.ts,3,4
src/modules/tender/components/tender-details/tender-content/tender-bids/__tests__/TenderBidChangeDialog.spec.ts,3,4
src/modules/bids/app/bidding-block/bidding-statuses/BiddingStatuses.vue,3,4
src/modules/accept-now-deprecated/app/accept-now-action/AcceptNowAction.spec.ts,3,4
src/modules/bids/models/mocks/ResponseWrapper.ts,3,4
src/modules/bids/composition/index.ts,3,4
src/modules/next-load-suggestions-deprecated/composition/useNextLoadSuggestions.ts,3,4
src/modules/bids-deprecated/composition/useAvailableBidActions.ts,3,4
src/modules/next-load-suggestions-deprecated/app/order-next-suggestions/NextLoadSuggestionRow.spec.ts,3,4
src/common/services/authService.ts,3,4
src/modules/next-load-suggestions-deprecated/composition/useNextLoadSuggestions.spec.ts,3,4
src/modules/bids/app/OrderBidBlock.vue,3,4
src/modules/tender/components/tender-details/tender-content/tender-load-details/__tests__/TenderLoadDetails.spec.ts,3,4
src/modules/bids/services/mocks/BiddingService-mock.ts,3,4
src/modules/tender/types/serviceTypes.ts,3,4
src/modules/tender/components/tender-details/tender-content/tender-load-details/__tests__/TenderVehicles.spec.ts,3,4
src/modules/tender/components/tender-details/tender-content/tender-load-details/__tests__/TenderSpecifications.spec.ts,3,4
src/modules/bids-deprecated/composition/useAvailableBidActions.spec.ts,3,4
src/modules/orders/components/order-details/order-content/order-load-details/order-description/__tests__/OrderDetailsLoadSection.spec.ts,3,4
jest.base.config.ts,3,4
src/modules/bids/app/bidding-block/awaiting-matching-confirmation-state/AwaitingMatchingConfirmationState.vue,3,4
src/modules/assignments/components/__tests__/AssignmentRow.spec.ts,3,4
src/common/components/DayDifference.vue,3,4
src/modules/accept-now-deprecated/app/accept-now-block/AcceptNowBlock.spec.ts,3,4
src/modules/bids/services/index.ts,3,4
src/modules/bids-deprecated/services/errors/BiddingServiceErrors.ts,3,4
src/modules/accept-now/composition/useAcceptNowNotification.spec.ts,3,4
src/modules/bids/composition/useBids.ts,3,4
src/modules/bids/app/bidding-block-actions/BiddingBlockActions.spec.ts,3,4
src/modules/tender/store/mutations.ts,3,4
src/modules/bids/app/accept-now/AcceptNow.spec.ts,3,4
src/common/components/__tests__/MapPlaceholder.spec.ts,3,4
src/modules/assignments/components/ValidityCounter.spec.ts,3,4
src/modules/bids-deprecated/app/bidding-block/BiddingBlock.vue,3,4
src/modules/assignments/components/AssignmentsFilters.spec.ts,3,4
src/modules/orders/components/order-details/order-content/order-load-details/OrderDetailsExpectedCost.vue,3,4
src/modules/accept-now-deprecated/app/AcceptNowContent.vue,3,4
src/common/classes/DayDifference.ts,3,3
src/modules/marketplace/components/orders/__tests__/OrderPalletExchangeTableCell.spec.ts,3,3
.nvmrc,3,3
src/modules/tender/components/tender-list/tender-table-row/TenderBidStatus.vue,3,3
src/common/services/VehicleTypesService.ts,3,3
src/modules/tender/classes/tender-details/TenderDetailsResponse.ts,3,3
src/modules/orders/components/order-details/order-next-suggestions/__tests__/AlertModal.spec.ts,3,3
src/common/components/load-stops-list/__tests__/verticalStepper.spec.ts,3,3
src/tracking/segmentEvents.ts,3,3
src/common/components/load-stops-list/__tests__/loadStopsList.spec.ts,3,3
src/modules/bids/app/bid-details/OrderBidBlock.vue,3,3
jest.base.config.js,3,3
src/tenants.ts,3,3
src/modules/accept-now-deprecated/app/accept-now-block/AcceptNowBlock.vue,3,3
src/modules/marketplace/components/LoadMore/__tests__/LoadMore.spec.ts,3,3
src/modules/bids/app/bid-details/bid-input/BidInputWithCondition.spec.ts,3,3
src/error-handler.ts,3,3
src/modules/accept-now/services/index.ts,3,3
src/common/components/load-stops-list/RouteDistance.vue,3,3
src/modules/marketplace/analytics/SegmentObserver.ts,3,3
src/common/classes/__tests__/DayDifference.spec.ts,3,3
src/modules/marketplace/components/orders/__tests__/OrderActionsButtonTableCell.spec.ts,3,3
src/common/components/__tests__/TableNoResults.spec.ts,3,3
ReadMe.md,3,3
src/common/components/TableNoResults.vue,3,3
src/common/components/load-stops-list/__tests__/RouteNotes.spec.ts,3,3
src/modules/filters/components/common/TypeAheadField.spec.ts,3,3
src/modules/accept-now-deprecated/app/AcceptNowConfirmDialog.spec.ts,3,3
src/modules/accept-now/composition/index.ts,3,3
src/modules/orders/classes/__tests__/SingleStop.spec.ts,3,3
src/modules/next-load-suggestions/app/order-next-suggestions/OrderRouteTableCells.vue,3,3
src/modules/filters/featureFlags.ts,3,3
src/orchestrated/sentry.ts,3,3
lefthook.yml,3,3
src/common/base/mixins/refreshDialogMixin.ts,3,3
src/modules/orders/mocks/MarketplaceService.mock.ts,3,3
src/modules/orders/services/MarketplaceClient.spec.ts,2,22
src/modules/orders/events/OrderEvents.ts,2,21
src/modules/orders/events/OrderEventConsumer.spec.ts,2,21
src/modules/marketplace/base/dependencies.ts,2,14
src/modules/orders/tracking/OrderListEvents.ts,2,13
src/store/actions.ts,2,13
src/filters/application/useFilters.ts,2,13
src/modules/orders/services/transformers/chartering-transformers.ts,2,12
src/common/http/axios-client.ts,2,11
src/modules/filters/events/FilterEventConsumer.spec.ts,2,11
.env.e2e,2,11
src/modules/filters/events/FilterEventConsumer.ts,2,11
src/modules/filters/types/interfaces.ts,2,10
src/modules/orders/services/transformers/chartering-transformers.spec.ts,2,10
src/modules/filters/events/FilterEvents.ts,2,10
src/modules/orders/services/transformers/marketplace-transformers.spec.ts,2,10
src/common/http/axios-client.spec.ts,2,10
src/modules/orders/services/transformers/marketplace-transformers.ts,2,10
src/modules/orders/services/transformers/common-transformers.ts,2,10
src/modules/orders/events/mocks/OrderRepository.ts,2,9
src/modules/orders/events/OrderRepository.ts,2,9
src/modules/orders/components/order-details/order-content/order-bids/CancelBidDialog.vue,2,9
src/modules/orders/components/common/AcceptNowConfirmDialog.vue,2,9
src/modules/filters/mocks/savedLanes.mock.ts,2,8
src/filters/application/use-cases/FilterByPickupLocationUseCase.ts,2,8
src/common/filter/ResetInputButton.vue,2,8
src/filters/application/use-cases/FilterByDropOffLocationUseCase.ts,2,8
src/filters/application/use-cases/FilterByVehicleTypeUseCase.ts,2,8
src/modules/filters/segmentEvents.ts,2,8
src/modules/filters/services/SavedLaneService.ts,2,8
src/common/filter/__tests__/AddressTypeAhead.spec.ts,2,8
src/modules/filters/models/mocks/Filter.ts,2,8
src/modules/transport-offers/services/CarrierLoadService.ts,2,8
src/modules/bids/app/bidding-block/useBidInAwaitingMatchingConfirmationState.spec.ts,2,8
src/modules/orders/components/order-details/order-footer/OrderDetailsFloatingBlock.vue,2,7
src/modules/filters/components/SavedLanesNoResults.vue,2,7
src/modules/marketplace/tracking/SearchRepository.ts,2,7
src/modules/orders/events/OrderRepository.spec.ts,2,7
src/modules/tender/components/tender-list/__tests__/TenderList.spec.ts,2,7
src/modules/filters/components/filter-list/SavedLanesCarousel.vue,2,7
src/modules/orders/components/order-details/order-content/order-bids/accept-now/AcceptNow.vue,2,7
src/store/helpers.ts,2,7
src/modules/filters/services/SavedLaneService.spec.ts,2,7
src/modules/assignments/components/orders/OrderLoadDescriptionTableCell.vue,2,7
src/common/http/models/mocks/http-client-mock.ts,2,7
src/modules/orders/mocks/NLS-mock.ts,2,7
src/modules/bids-deprecated/services/mocks/BiddingClient-mock.ts,2,7
src/modules/filters/components/filter-bar/useSorting.ts,2,7
src/modules/orders/base/__tests__/helpers.spec.ts,2,7
src/modules/assignments/store/index.ts,2,7
src/modules/orders/types/storeTypes.ts,2,7
src/modules/marketplace/store/mocks/getters.ts,2,7
src/modules/filters/types/serviceTypes.ts,2,7
src/modules/bids/events/BidEventKeys.ts,2,7
src/modules/filters/components/filter-bar/Status.vue,2,7
src/filters/services/RouterService.ts,2,6
src/modules/assignments/components/AssignmentsTableTitles.vue,2,6
src/modules/filters/components/filter-edit/SavedLaneEditDialog.spec.ts,2,6
src/modules/filters/mocks/savedLanes.ts,2,6
src/modules/filters/store/index.ts,2,6
src/modules/assignments/components/orders/OrderSpecificationsTableCell.vue,2,6
src/common/http/errors/GenericServiceErrors.ts,2,6
src/modules/assignments/store/getter-types.ts,2,6
src/modules/orders/components/common/__tests__/AcceptNowConfirmDialog.spec.ts,2,6
src/marketplace.ts,2,6
src/modules/assignments/services/__tests__/CarrierAssignmentService.spec.ts,2,6
src/modules/marketplace/tracking/mocks/SearchRepository.ts,2,6
src/modules/orders/components/order-details/order-content/order-bids/__tests__/OrderBid.spec.ts,2,6
src/modules/filters/components/common/TypeAheadField.vue,2,6
src/modules/assignments/components/orders/OrderIdTableCell.vue,2,6
src/modules/assignments/store/action-types.ts,2,6
src/modules/orders/components/order-details/order-content/order-bids/__tests__/CancelBid.spec.ts,2,6
src/modules/assignments/store/mutations-types.ts,2,6
src/modules/assignments/components/orders/OrderRequirementsTableCell.vue,2,6
src/modules/filters/models/interfaces.ts,2,6
src/modules/filters/components/filter-add/__tests__/SavedLaneConfirmDialog.spec.ts,2,6
src/modules/bids/store/mocks/index.ts,2,5
src/modules/assignments/http/errors/__tests__/GenericServiceErrors.spec.ts,2,5
src/modules/orders/components/order-details/order-content/order-mobile/OrderBidBlock.vue,2,5
src/modules/transport-offers/services/CarrierLoadService.spec.ts,2,5
src/modules/accept-now/events/AcceptNowEventKeys.ts,2,5
src/modules/assignments/http/errors/GenericServiceErrors.ts,2,5
src/common/components/NonAccessPlaceholder.spec.ts,2,5
src/store/getters.ts,2,5
src/modules/orders/models/mocks/Filter.ts,2,5
src/modules/filters/components/filter-details/SavedLane.spec.ts,2,5
src/modules/orders/components/order-details/order-content/order-mobile/__tests__/OrderBidBlock.spec.ts,2,5
src/modules/filters/components/filter-bar/ListStatusBar.vue,2,5
src/modules/accept-now-deprecated/models/mocks/accept-now-mock.ts,2,5
src/modules/filters/components/common/ResetInputButton.vue,2,5
src/modules/orders/components/order-details/order-content/order-bids/ConfirmBidDialog.vue,2,5
src/modules/assignments/services/backendClient.ts,2,5
src/modules/bids-deprecated/models/mocks/Bid.ts,2,5
src/modules/orders/components/order-details/order-content/order-bids/BidInputWithCondition.vue,2,5
src/modules/bids/store/mocks/store.ts,2,5
src/modules/filters/components/filter-bar/useSorting.spec.ts,2,5
src/modules/filters/components/common/index.ts,2,5
src/modules/transport-offers/services/CharteringLoadService.ts,2,5
src/modules/orders/services/__tests__/BiddingRegularOrderService.spec.ts,2,5
src/filters/repositories/FilterRepository.ts,2,5
src/modules/bids/events/index.ts,2,5
src/modules/orders/services/CarrierOrderService.spec.ts,2,5
src/modules/assignments/mocks/order.ts,2,5
src/styles/style.scss,2,5
src/modules/filters/components/common/AddressTypeAhead.spec.ts,2,5
src/modules/bids/store/mocks/state.ts,2,5
src/modules/bids/services/BiddingCarrierService.ts,2,5
src/common/mocks/loadBundlesMock.ts,2,5
src/modules/tender/components/tender-list/TenderList.vue,2,5
src/modules/marketplace/tracking/SearchRepository.spec.ts,2,5
src/modules/filters/components/filter-edit/__tests__/SavedLaneEditDialog.spec.ts,2,5
src/modules/filters/components/filter-bar/__tests__/MarketplaceListStatusBar.spec.ts,2,5
src/modules/orders/services/CarrierOrderService.ts,2,5
src/modules/assignments/common/__tests__/TableTitlesWrapper.spec.ts,2,5
src/modules/bids/tracking/trackBidEvent.spec.ts,2,5
src/modules/transport-offers/services/CharteringLoadService.spec.ts,2,5
src/modules/transport-offers/services/LoadService.spec.ts,2,5
src/tenant-permissions.ts,2,5
src/modules/marketplace/services/MarketplaceOrderService.ts,2,5
src/common/filter/__tests__/DsfDateRangePicker.spec.ts,2,5
src/modules/filters/models/storeTypes.ts,2,5
src/modules/orders/components/order-details/order-content/order-bids/accept-now/__tests__/AcceptNow.spec.ts,2,5
src/common/filter/DsfDateRangePicker.vue,2,5
src/modules/filters/models/enums.ts,2,5
src/__tests__/example.spec.ts,2,5
src/modules/filters/models/mocks/savedLanes.mock.ts,2,5
src/modules/orders/store/index.ts,2,4
src/modules/orders/OrderEvent.ts,2,4
src/components/Assignments.vue,2,4
src/modules/tender/classes/tender-details/RouteLocationList.ts,2,4
src/assets/weight-hanging-solid.svg,2,4
src/modules/filters/components/filter-list/__tests__/SavedLaneCarousel.spec.ts,2,4
src/common/types/userPermissions.ts,2,4
src/modules/assignments/http/interfaces/IRestService.ts,2,4
src/modules/filters/components/common/DropdownFilter.spec.ts,2,4
src/modules/orders/components/order-details/order-footer/__tests__/OrderDetailsFloatingBlock.spec.ts,2,4
src/modules/next-load-suggestions/app/order-next-suggestions/NextLoadSuggestionRow.spec.ts,2,4
src/modules/bids/events/BidRepository.ts,2,4
src/orchestrated/README.md,2,4
src/common/filter/__tests__/DateRangePicker.spec.ts,2,4
src/modules/bids/events/mocks/BidRepository.ts,2,4
src/modules/bids/app/bid-input/change-bid-condition/OrderChangeBidCondition.vue,2,4
src/modules/filters/models/mocks/index.ts,2,4
src/modules/assignments/common/TableTitlesWrapper.vue,2,4
src/modules/assignments/mocks/multiStop.ts,2,4
src/modules/assignments/http/interfaces/IGenericService.ts,2,4
src/modules/bids/models/mocks/index.ts,2,4
Dockerfile.e2e,2,4
src/modules/accept-now/segmentEvents.ts,2,4
src/modules/assignments/http/RestService.ts,2,4
src/modules/bids/app/bidding-block/accepted-state/AcceptedState.vue,2,4
src/modules/bids/app/cta-buttons/CTAButtons.vue,2,4
src/modules/tender/segmentEvents.ts,2,4
src/modules/filters/models/serviceTypes.ts,2,4
src/modules/assignments/http/custom-errors.ts,2,4
src/modules/bids/app/confirm-bid-dialog/ConfirmBidDialog.vue,2,4
src/modules/bids/app/bid-input/BidInputWithCondition.spec.ts,2,4
src/modules/assignments/http/__tests__/GenericService.spec.ts,2,4
src/modules/bids/events/mocks/index.ts,2,4
src/modules/filters/components/common/RadiusAddressWrapper.spec.ts,2,4
src/modules/bids/app/bidding-block/useBidInAwaitingMatchingConfirmationState.ts,2,4
src/modules/filters/models/Filter.ts,2,4
src/modules/filters/components/filter-bar/__tests__/BundleOptionsFilterDropdown.spec.ts,2,4
src/modules/filters/types/storeTypes.ts,2,4
src/modules/bids-deprecated/events/BidEventConsumer.ts,2,4
src/modules/filters/components/filter-add/FilterActions.spec.ts,2,4
src/modules/filters/types/enums.ts,2,4
src/common/base/helpers.spec.ts,2,4
src/modules/orders/tracking/OrderDetailsEvents.ts,2,4
src/modules/filters/components/filter-list/FilterList.vue,2,4
src/modules/filters/components/filter-add/SaveFilterConfirmDialog.spec.ts,2,4
src/common/analytics/SegmentObserver.ts,2,4
src/modules/filters/models/constants.ts,2,4
src/modules/design/index.ts,2,4
src/modules/assignments/components/assignmentDetailsDialog/OrderDetailsDialogHeadline.vue,2,4
src/modules/filters/components/filter-details/FilterComponent.vue,2,4
src/modules/filters/components/filter-add/FilterActions.vue,2,4
src/modules/filters/types/interface.ts,2,4
src/modules/assignments/common/Table.vue,2,4
src/assets/roundtrip.svg,2,4
src/modules/assignments/http/helpers.ts,2,4
src/modules/bids/app/bidding-block/bidding-statuses/bid-status/BidStatus.vue,2,4
src/modules/bids/app/floating-block/OrderDetailsFloatingBlock.spec.ts,2,4
src/modules/filters/components/filter-list/SavedLaneList.spec.ts,2,4
src/modules/filters/components/filter-list/SavedLaneCarousel.spec.ts,2,4
src/modules/filters/components/filter-bar/MarketplaceListStatusBar.spec.ts,2,4
src/modules/filters/components/filter-add/SavedLaneConfirmDialog.spec.ts,2,4
src/modules/assignments/http/GenericService.ts,2,4
src/modules/assignments/components/orders/__tests__/OrderSpecificationsTableCell.spec.ts,2,4
src/modules/assignments/base/casing.ts,2,4
src/modules/orders/components/order-details/order-content/order-bids/UpdateBid.vue,2,4
src/common/components/table-plankton/TableRow.vue,2,4
src/modules/tender/components/tender-details/tender-content/TenderMap.vue,2,4
src/modules/tender/components/tender-list/tender-table-row/TenderTableCellBidClosing.vue,2,4
src/modules/assignments/http/enums/apiErrors.ts,2,4
src/modules/tender/components/tender-details/TenderError.vue,2,4
src/modules/filters/components/filter-details/SavedLaneDetails.spec.ts,2,4
src/modules/orders/models/mocks/index.ts,2,4
src/modules/tender/components/tender-details/TenderDetailsFloatingBlock.vue,2,4
src/modules/orders/components/order-details/order-header/LoadBundlesTabs.vue,2,4
src/modules/filters/components/filter-bar/__tests__/useSorting.spec.ts,2,4
src/modules/orders/components/order-details/order-header/Tooltip.vue,2,4
src/modules/assignments/components/orders/LoadWeightSpecification.vue,2,4
src/modules/filters/components/SavedLanesNoResults.spec.ts,2,4
src/modules/assignments/http/interfaces/IRestHeader.ts,2,4
src/modules/orders/components/order-details/order-next-suggestions/OrderRouteTableCells.vue,2,4
src/modules/assignments/http/__tests__/helpers.spec.ts,2,4
src/modules/bids/app/index.ts,2,4
src/modules/orders/components/order-details/order-content/order-bids/__tests__/UpdateBid.spec.ts,2,4
src/common/compositions/useFeatureFlag.spec.ts,2,4
src/modules/assignments/http/interfaces/IGetService.ts,2,4
src/modules/orders/services/__tests__/BiddingSpotOrderService.spec.ts,2,4
src/modules/filters/components/filter-add/DsfDateRangePicker.spec.ts,2,4
src/modules/assignments/http/errors/ErrorService.ts,2,4
src/modules/filters/components/filter-add/DsfDateRangePicker.vue,2,4
src/common/base/constants.ts,2,4
src/modules/assignments/mocks/sennderContact.mock.ts,2,4
src/modules/orders/services/BiddingSpotOrderService.ts,2,4
src/common/components/load-stops-list/VerticalStepper.vue,2,4
src/modules/filters/components/filter-list/FilterList.spec.ts,2,4
src/modules/filters/models/index.ts,2,4
src/modules/assignments/http/mocks/ServiceHelpers.ts,2,4
src/modules/assignments/base/segmentEvents.ts,2,4
src/modules/orders/components/order-details/order-content/order-bids/__tests__/OrderChangeBidCondition.spec.ts,2,4
mkdocs.yaml,2,4
src/modules/bids/app/last-bid/LastBid.vue,2,4
src/modules/orders/components/order-details/order-content/order-bids/__tests__/BidInputWithCondition.spec.ts,2,4
src/logger.ts,2,3
src/modules/bids-deprecated/app/bidding-block/bidding-statuses/bid-status/BiddingStatus.spec.ts,2,3
src/modules/bids-deprecated/events/BidEvents.ts,2,3
src/common/components/TermsAndConditions.spec.ts,2,3
src/modules/bids-deprecated/app/bidding-block-actions/BiddingBlockActions.spec.ts,2,3
src/modules/orders/components/order-details/order-next-suggestions/AlertModal.vue,2,3
src/modules/tender/components/tender-details/tender-content/tender-load-details/HeaderSlot.vue,2,3
src/modules/marketplace/components/LoadMore/LoadMore.vue,2,3
src/modules/bids/app/bidding-block/accepted-state/AcceptedState.spec.ts,2,3
src/modules/bids-deprecated/app/bidding-block/useBidInAcceptedState.spec.ts,2,3
src/modules/bids/app/bidding-block/awaiting-matching-confirmation-state/AwaitingMatchingConfirmationState.spec.ts,2,3
src/common/components/TableRow.vue,2,3
src/modules/marketplace/components/table/Table.vue,2,3
src/common/components/load-stops-list/RouteNotes.vue,2,3
src/experiments/time-auction/components/TimeAuction.spec.ts,2,3
src/modules/marketplace/components/orders/OrderRecommendation.vue,2,3
src/common/base/compositions/notifications/usePushNotification.ts,2,3
src/common/services/custom-errors.ts,2,3
src/common/components/load-stops-list/LoadStopsList.vue,2,3
src/modules/transport-offers/feature-flags.ts,2,3
src/modules/bids/app/bidding-block/bidding-statuses/index.ts,2,3
src/experiments/accept-now/components/NumberOfBids.spec.ts,2,3
src/modules/marketplace/components/Marketplace.spec.ts,2,3
src/modules/marketplace/models/mocks/Orders.ts,2,3
src/modules/assignments/components/__tests__/AssignmentsFilters.spec.ts,2,3
src/modules/orders/components/order-details/order-content/order-load-details/order-map/OrderDetailsMapFixedHeight.vue,2,3
.prettierignore,2,3
src/modules/bids/app/bid-details/floating-block/OrderDetailsFloatingBlock.spec.ts,2,3
src/modules/marketplace/events/MarketplaceEventKeys.ts,2,3
src/common/http/casing.spec.ts,2,3
src/experiments/time-auction/useTimeAuction.ts,2,3
src/modules/bids-deprecated/app/bidding-block/bidding-statuses/useBiddingStatus.spec.ts,2,3
src/common/base/compositions/notifications/usePushNotification.spec.ts,2,3
src/modules/tender/classes/tender-details/__tests__/RouteLocationList.spec.ts,2,3
src/modules/bids/app/bidding-block-actions/index.ts,2,3
src/experiments/accept-now/components/AcceptNowBanner.spec.ts,2,3
src/modules/orders/components/order-details/__tests__/OrderDetailsPageWrapper.ts,2,3
src/modules/orders/mocks/loadBundlesMock.ts,2,3
src/modules/bids/app/bidding-block/index.ts,2,3
src/common/components/TableCell.vue,2,3
src/modules/orders/classes/SingleStop.ts,2,3
src/modules/orders/components/order-details/order-header/OrderDetailsPagination.spec.ts,2,3
src/modules/accept-now/events/index.ts,2,3
src/modules/tender/components/tender-details/Loader.vue,2,3
src/modules/bids-deprecated/composition/useBidActions.ts,2,3
src/modules/bids-deprecated/app/bidding-block/accepted-state/AcceptedState.spec.ts,2,3
src/sentry.ts,2,3
src/modules/bids-deprecated/app/bidding-block/awaiting-matching-confirmation-state/AwaitingMatchingConfirmationState.spec.ts,2,3
src/components/Tenders.vue,2,3
src/modules/orders/components/common/__tests__/RouteAddress.spec.ts,2,3
src/modules/bids/composition/useAcceptNowNotification/useAcceptNowNotification.ts,2,3
src/modules/bids/app/bidding-block/bidding-statuses/bid-status/index.ts,2,3
src/common/http/casing.ts,2,3
src/common/components/table-plankton/__tests__/TableRow.spec.ts,2,3
src/modules/bids/composition/useAcceptNowNotification/useAcceptNowNotification.spec.ts,2,3
src/common/config/env.ts,2,3
src/experiments/use-auth-v4/featureFlags.ts,2,3
src/modules/bids/app/bid-input/change-bid-condition/OrderChangeBidCondition.spec.ts,2,3
src/modules/filters/components/filter-list/FilterCard.vue,2,3
src/modules/bids/app/bidding-block/awaiting-matching-confirmation-state/index.ts,2,3
src/experiments/time-auction/mocks/useTimeAuction.ts,2,3
src/modules/tender/components/tender-details/tender-content/tender-load-details/__tests__/HeaderSlot.spec.ts,2,3
src/modules/tender/store/getters.ts,2,3
src/modules/filters/filter-add/MarketplaceFilters.vue,2,3
src/common/services/errors/BiddingServiceErrors.ts,2,3
src/modules/next-load-suggestions-deprecated/app/order-next-suggestions/__tests__/NextLoadSuggestions.spec.ts,2,3
src/components/OrderDetails.vue,2,3
src/modules/bids-deprecated/app/bidding-block/bid-form/useBidForm.spec.ts,2,3
src/common/testing/store.ts,2,3
src/modules/tender/components/tender-list/TenderTableTitle.vue,2,3
src/modules/marketplace/events/MarketplaceEvents.ts,2,3
src/modules/marketplace/Marketplace.vue,2,3
src/modules/bids/app/bidding-block/bidding-statuses/bid-status/BiddingStatus.spec.ts,2,3
src/modules/bids/models/SpotBid.spec.ts,2,3
src/modules/tender/components/tender-details/tender-content/TenderRoute.vue,2,3
src/modules/bids-deprecated/services/IBiddingService.ts,2,3
src/modules/bids-deprecated/services/mocks/BiddingService-mock.ts,2,3
src/modules/bids/app/bidding-block/bid-form/index.ts,2,3
src/modules/bids/composition/useLowestBidPrice.ts,2,3
src/modules/bids-deprecated/composition/useBids.spec.ts,2,3
src/modules/bids-deprecated/composition/useBidActions.spec.ts,2,3
src/modules/orders/components/order-details/order-content/order-load-details/order-description/OrderDetailsDescription.vue,2,3
src/modules/orders/components/order-details/order-content/order-load-details/order-description/OrderDetailsLoadSection.vue,2,3
src/components/TenderDetails.vue,2,3
src/notifications/notifications.ts,2,3
src/common/base/mixins/dataPolling.ts,2,3
src/modules/bids-deprecated/app/bid-table-cell/status/OrderListBidStatus.spec.ts,2,3
src/modules/bids/app/cancel-bid-dialog/CancelBid.spec.ts,2,3
src/modules/accept-now/AcceptNowEvent.ts,2,3
src/common/base/casing.ts,2,3
src/modules/tender/components/tender-details/__tests__/Loader.spec.ts,2,3
src/modules/marketplace/events/MarketplaceEventConsumer.ts,2,3
src/experiments/time-auction/useTimeAuction.spec.ts,2,3
src/modules/bids/app/bidding-block/CancelBid.spec.ts,2,3
src/common/components/RouteBackToButton.spec.ts,2,3
src/modules/marketplace/components/MarketplaceTabs.spec.ts,2,3
src/modules/bids-deprecated/app/bid-table-cell/OrderListBid.vue,2,3
src/modules/tender/components/tender-details/tender-content/tender-load-details/TenderVehicles.vue,2,3
src/modules/bids/app/bidding-block/accepted-state/index.ts,2,3
src/modules/bids/services/errors/index.ts,2,3
src/modules/accept-now/app/index.ts,2,3
src/modules/bids-deprecated/composition/useLowestBidPrice.spec.ts,2,3
src/experiments/price-guidance/usePriceGuidance.ts,2,3
src/modules/bids-deprecated/services/index.ts,2,3
src/modules/bids-deprecated/app/bidding-block/bidding-statuses/BiddingStatuses.spec.ts,2,3
src/modules/bids/models/RegularBid.spec.ts,2,3
src/experiments/time-auction/components/TimeAuction.vue,2,3
src/modules/design/components/Accordion.spec.ts,2,3
src/modules/tender/classes/tender-details/RouteLocation.ts,2,3
src/common/components/load-stops-list/Stop.vue,2,3
src/modules/tender/classes/tender-details/Capacity.ts,2,2
src/modules/assignments/components/table/TableRow.vue,2,2
src/modules/marketplace/components/MarketplaceAllLoads.spec.ts,2,2
src/common/services/errors/ErrorService.ts,2,2
src/common/services/MothershipService.ts,2,2
src/modules/accept-now/events/AcceptNowRepository.spec.ts,2,2
src/modules/accept-now/events/AcceptNowRepository.ts,2,2
src/modules/accept-now/services/mocks/AcceptNowService.ts,2,2
src/modules/filters/components/filter-bar/RefreshOrders.spec.ts,2,2
src/common/config/links.js,2,2
src/modules/accept-now-deprecated/composition/useAcceptNow.ts,2,2
.prettierrc,2,2
src/modules/accept-now-deprecated/events/AcceptNowEventConsumer.ts,2,2
src/styles/variables.scss,2,2
microfrontends/ReadMe.md,2,2
src/modules/next-load-suggestions-deprecated/app/order-next-suggestions/NextLoadSuggestions.vue,2,2
src/modules/accept-now-deprecated/events/AcceptNowEventConsumer.spec.ts,2,2
src/modules/Marketplace.vue,2,2
src/common/base/notifications.ts,2,2
src/modules/filters/filter-add/BundleOptionsFilterDropdown.vue,2,2
src/modules/marketplace/components/orders/__tests__/OrderBundleTableCell.spec.ts,2,2
src/modules/filters/components/filter-add/DateRangePicker.spec.ts,2,2
src/styles/style-variables.scss,2,2
src/common/events/SharedDataRepository.spec.ts,2,2
src/modules/accept-now/app/accept-now-block/index.ts,2,2
src/modules/assignments/components/table/__tests__/TableCell.spec.ts,2,2
src/common/compositions/useRoute.ts,2,2
microfrontends/index.ts,2,2
src/modules/assignments/services/AssignmentService.mock.ts,2,2
src/modules/next-load-suggestions/app/order-next-suggestions/AlertModal.vue,2,2
src/modules/filters/filter-add/RadiusFilter.vue,2,2
src/common/services/errors/RefreshDialogError.ts,2,2
src/modules/accept-now/services/mocks/index.ts,2,2
src/modules/tender/classes/tender-details/__tests__/VehicleDetails.spec.ts,2,2
src/common/components/table/__tests__/Table.spec.ts,2,2
src/modules/filters/store/actions.spec.ts,2,2
src/coral.d.ts,2,2
src/modules/accept-now/models/mocks/index.ts,2,2
src/modules/accept-now/composition/useAcceptNow.spec.ts,2,2
src/modules/accept-now/events/mocks/AcceptNowRepository.ts,2,2
src/modules/filters/components/common/RadiusAddressWrapper.vue,2,2
src/modules/next-load-suggestions/featureFlags.ts,2,2
renovate.json,2,2
src/modules/tender/classes/tender-details/LoadSpecification.ts,2,2
src/modules/filters/components/filter-edit/FilterEditDialog.spec.ts,2,2
src/filters/responsibility.md,2,2
src/modules/next-load-suggestions-deprecated/app/order-next-suggestions/__tests__/AlertModal.spec.ts,2,2
src/modules/accept-now-deprecated/app/AcceptNowConfirmDialog.vue,2,2
microfrontends/example.ts,2,2
src/modules/marketplace/events/MarketplaceEventConsumer.spec.ts,2,2
src/modules/accept-now/app/accept-now-action/index.ts,2,2
src/modules/accept-now-deprecated/events/AcceptNowRepository.ts,2,2
src/sharedData.d.ts,2,2
src/modules/tender/classes/tender-details/VehicleDetails.ts,2,2
src/modules/filters/filter-add/DropdownFilter.vue,2,2
src/store/useStore.ts,2,2
src/modules/filters/filter-add/RadiusAddressWrapper.vue,2,2
src/modules/marketplace/components/orders/__tests__/OrderSpecificationsTableCell.spec.ts,2,2
src/common/components/load-stops-list/RouteStep copy.vue,2,2
src/modules/assignments/components/table/TableCell.vue,2,2
src/modules/orders/components/common/DayDifferenceExact.vue,2,2
src/modules/bids-deprecated/composition/mocks/useBidActions.ts,2,2
src/modules/tender/classes/tender-details/LoadDetails.ts,2,2
src/modules/next-load-suggestions-deprecated/app/order-next-suggestions/OrderRouteTableCells.vue,2,2
src/common/components/RefreshDialog.vue,2,2
.eslintrc.js,2,2
src/common/components/table/__tests__/TableTitles.spec.ts,2,2
src/modules/filters/components/common/VehicleTypesFilter.vue,2,2
src/modules/filters/services/errors/SavedLaneServiceErrors.ts,2,2
src/modules/marketplace/components/table/__tests__/Table.spec.ts,2,2
src/modules/accept-now-deprecated/composition/useAcceptNow.spec.ts,2,2
integration-tests/wdio.conf.ts,2,2
src/modules/filters/services/errors/SavedLaneServiceErrors.spec.ts,2,2
src/modules/tender/featureFlags.ts,2,2
src/modules/accept-now-deprecated/app/accept-now-block/useAcceptNowBlock.ts,2,2
src/modules/orders/classes/MultiStop.ts,2,2
src/modules/next-load-suggestions/app/order-next-suggestions/__tests__/AlertModal.spec.ts,2,2
src/common/components/load-stops-list/LineDashedIcon copy.vue,2,2
webpack/webpack.e2e.js,2,2
src/modules/filters/components/filter-details/FilterMenus.spec.ts,2,2
src/modules/tender/classes/tender-details/__tests__/LoadSpecification.spec.ts,2,2
src/common/services/mocks/GenericService-mock.ts,2,2
src/modules/accept-now-deprecated/events/AcceptNowEvents.ts,2,2
src/modules/assignments/components/__tests__/ValidityCounter.spec.ts,2,2
src/modules/accept-now-deprecated/events/AcceptNowRepository.spec.ts,2,2
src/common/enums/stopTypes.ts,2,2
src/modules/tender/components/tender-list/tender-table-row/TenderBidStatus.spec.ts,2,2
src/languages.ts,2,2
src/common/components/TermsAndConditions.vue,2,2
src/modules/filters/filter-add/ResetInputButton.vue,2,2
src/modules/filters/components/common/VehicleTypesFilter.spec.ts,2,2
src/modules/next-load-suggestions-deprecated/app/order-next-suggestions/NextLoadSuggestionRow.vue,2,2
webpack/webpack.mock.js,2,2
src/modules/bids/app/bid-details/bid-input/change-bid-condition/OrderChangeBidCondition.spec.ts,2,2
src/modules/constants.ts,2,2
src/modules/filters/components/filter-details/FilterDetails.spec.ts,2,2
src/modules/accept-now/models/index.ts,2,2
src/modules/filters/components/filter-list/FiltersCarousel.spec.ts,2,2
src/modules/tender/classes/tender-details/__tests__/LoadDetails.spec.ts,2,2
src/modules/filters/components/filter-details/FilterMenus.vue,2,2
src/common/events/SharedDataRepository.ts,2,2
src/modules/transport-offers/services/mocks/LoadService.mock.ts,2,2
src/common/types/stopTypes.ts,2,2
src/modules/filters/filter-add/Sorting.vue,2,2
src/shims-vue.d.ts,2,2
microfrontends/loader.ts,2,2
src/modules/accept-now/events/mocks/index.ts,2,2
src/modules/filters/components/filter-add/DateRangePicker.vue,2,2
src/modules/filters/filter-add/MarketplaceListStatusBar.vue,2,2
src/modules/bids/app/bid-details/OrderBidBlock.spec.ts,2,2
src/common/components/load-stops-list/TimezoneAcronym.spec.ts,2,2
src/modules/bids/models/ResponseWrapper.ts,2,2
src/shims-tsx.d.ts,2,2
webpack/webpack.dev.js,2,2
src/modules/assignments/components/table/__tests__/TableRow.spec.ts,2,2
src/modules/orders/events/OrderEventConsumer.ts,1,17
src/modules/orders/mocks/MarketplaceClient.mock.ts,1,9
src/modules/accept-now/tracking/AcceptNowEventConsumer.ts,1,9
src/modules/orders/components/order-details/order-content/order-load-details/order-map/OrderDetailsMap.vue,1,9
src/filters/application/ports.ts,1,9
Dockerfile,1,8
src/modules/bids/tracking/BidEventConsumer.ts,1,8
src/modules/bids/tracking/BidEvents.ts,1,8
src/modules/accept-now/tracking/AcceptNowEvents.ts,1,8
src/experiments/accept-now/useAcceptNowExperiment.spec.ts,1,7
src/experiments/accept-now/useAcceptNowExperiment.ts,1,6
src/common/compositions/index.ts,1,6
src/events/EventBus.ts,1,6
src/modules/bids/tracking/index.ts,1,6
src/modules/orders/events/OrderEventKeys.ts,1,6
src/events/trackCustomEvent.spec.ts,1,5
src/experiments/accept-now/VariantA.ts,1,5
src/filters/application/use-cases/FilterLocationSearchUseCase.ts,1,5
src/modules/filters/events/FilterEventKeys.ts,1,5
src/experiments/accept-now/ControlGroup.ts,1,5
src/orchestrated/interface.ts,1,5
src/experiments/accept-now/mocks/useAcceptNowExperiment.ts,1,5
src/modules/filters/components/filter-list/SavedLaneList.vue,1,5
src/filters/di/index.ts,1,4
src/experiments/accept-now/ExperimentVariation.ts,1,4
src/modules/tender/components/tender-list/TendersTableEmpty.vue,1,4
src/modules/bids/services/BiddingCarrierService.spec.ts,1,4
src/modules/orders/classes/SpotBid.ts,1,4
src/modules/orders/services/BiddingOrderService.ts,1,4
src/modules/orders/tracking/mocks/OrderRepository.ts,1,4
src/modules/bids/services/BiddingCharteringService.spec.ts,1,4
src/modules/bids-deprecated/services/BiddingLegacyOrderService.spec.ts,1,4
src/modules/orders/tracking/index.ts,1,4
src/layouts/MainLayout.vue,1,4
src/modules/orders/tracking/mocks/index.ts,1,4
src/modules/bids/services/BiddingCharteringService.ts,1,4
src/filters/application/useFilters.spec.ts,1,4
src/events/mocks/EventBus.ts,1,4
src/events/mocks/TestEvent.ts,1,4
src/events/trackCustomEvent.ts,1,4
src/modules/bids/tracking/BidEventConsumer.spec.ts,1,4
src/filters/application/use-cases/FilterLocationSearchUseCase.spec.ts,1,4
src/modules/bids/services/BiddingService.ts,1,4
src/event/EventBus.ts,1,4
src/modules/bids/tracking/BidEventBusEvents.ts,1,4
src/common/mocks/vehicleTypes.mock.ts,1,3
src/modules/tender/components/tender-details/tender-content/tender-bids/TenderPriceBidInput.vue,1,3
src/modules/bids-deprecated/services/BiddingLegacyOrderService.ts,1,3
src/modules/bids/tracking/BidRepository.ts,1,3
src/modules/savedLanes/mocks/savedLanes.ts,1,3
src/modules/accept-now/tracking/AcceptNowEventKeys.ts,1,3
src/common/shell/di/index.ts,1,3
src/application/displayTruckLoads.spec.ts,1,3
src/modules/savedLanes/types/serviceTypes.ts,1,3
src/events/index.ts,1,3
src/modules/marketplace/models/mocks/index.ts,1,3
src/modules/design/components/Accordion.vue,1,3
src/modules/bids/tracking/BiddingEventKeys.ts,1,3
src/experiments/accept-now/VariantB.ts,1,3
src/filters/application/use-cases/FilterDropOffRadiusUseCase.ts,1,3
src/modules/savedLanes/components/SavedLaneList.vue,1,3
src/modules/tender/components/tender-details/tender-header/__tests__/DetailsHeader.spec.ts,1,3
src/common/http/mocks/http-client.mocks.ts,1,3
src/filters/application/use-cases/FilterPickupRadiusUseCase.ts,1,3
src/event/EventBus.spec.ts,1,3
src/modules/savedLanes/components/__tests__/SavedLaneDetails.spec.ts,1,3
src/modules/savedLanes/services/SavedLaneOrderService.ts,1,3
src/modules/orders/components/order-details/order-content/order-bids/LastBid.vue,1,3
src/modules/orders/classes/__tests__/SpotBid.spec.ts,1,3
src/common/compositions/useDomesticCarrier.ts,1,3
src/modules/savedLanes/store/actions.ts,1,3
src/common/di/container.ts,1,3
src/event-tracking/index.ts,1,3
src/application/ports.ts,1,3
src/services/TruckLoadStorage.ts,1,3
src/modules/marketplace/di/index.ts,1,3
src/modules/savedLanes/components/SavedLaneWithOrders.vue,1,3
src/filters/application/index.ts,1,3
src/modules/savedLanes/components/__tests__/MarketplaceSavedLanes.spec.ts,1,3
src/modules/marketplace/components/orders/OrderSpecificationsTableCell.vue,1,3
webpack/dev-config.js,1,3
src/modules/tender/components/tender-details/tender-header/DetailsHeader.vue,1,3
src/modules/orders/components/order-details/OrderDetailsRefreshDialog.vue,1,3
src/modules/tender/components/tender-details/tender-header/BackButton.vue,1,3
src/common/compositions/useFeatureFlag.ts,1,3
src/modules/accept-now/tracking/index.ts,1,3
src/experiments/accept-now/components/AcceptNowBanner.vue,1,3
src/filters/application/use-cases/LocationUseCase.ts,1,3
src/modules/orders/components/order-details/order-content/order-bids/CTAButtons.vue,1,3
src/modules/orders/classes/RegularBid.ts,1,3
src/modules/filters/components/filter-add/SaveFilterConfirmDialog.vue,1,3
src/modules/tender/components/tender-details/tender-header/TenderHeader.vue,1,3
src/event-tracking/mocks/EventBus.ts,1,3
src/modules/orders/tracking/OrderRepository.ts,1,3
src/event/index.ts,1,3
src/application/displayTruckloads.ts,1,3
src/modules/savedLanes/components/SavedLaneEditDialog.vue,1,3
src/common/services/helpers.ts,1,3
src/common/services/mocks/ServiceHelpers.ts,1,3
src/modules/marketplace/components/orders/useRecommendedLoads.ts,1,3
src/modules/tender/components/tender-details/tender-header/__tests__/BackButton.spec.ts,1,3
src/modules/orders/components/order-details/order-content/order-load-details/order-route-details/LoadStopsList.vue,1,3
src/modules/tender/components/tender-details/tender-content/tender-bids/TenderWeekLoadChooser.vue,1,3
src/event-tracking/EventBus.ts,1,3
src/modules/marketplace/components/orders/OrderPalletExchangeTableCell.vue,1,3
src/modules/filters/store/action-types.ts,1,3
src/modules/tender/components/tender-details/tender-header/__tests__/TenderHeader.spec.ts,1,3
src/modules/savedLanes/segmentEvents.ts,1,3
src/modules/orders/classes/BidCondition.ts,1,3
src/modules/orders/components/order-details/order-content/order-bids/OrderChangeBidCondition.vue,1,3
src/modules/savedLanes/components/SavedLane.vue,1,3
src/common/components/table/TableCell.vue,1,3
src/modules/orders/classes/__tests__/BidCondition.spec.ts,1,3
src/modules/savedLanes/base/dependencies.ts,1,3
src/modules/savedLanes/components/SavedLaneDetails.vue,1,3
src/modules/marketplace/components/orders/useRecommendedLoads.spec.ts,1,3
src/common/services/__tests__/helpers.spec.ts,1,3
src/events/EventBus.spec.ts,1,3
src/modules/bids-deprecated/app/bidding-block/bidding-statuses/index.ts,1,2
src/modules/bids-deprecated/app/bidding-block/accepted-state/index.ts,1,2
src/common/enums/biddingApiErrors.ts,1,2
src/filters/services/FilterRepository.ts,1,2
src/filters/services/FilterStorageService.ts,1,2
src/common/services/interfaces/IRestHeader.ts,1,2
src/modules/savedLanes/components/MarketplaceSavedLanes.vue,1,2
src/modules/bids-deprecated/app/bidding-block/awaiting-matching-confirmation-state/index.ts,1,2
src/modules/savedLanes/types/interfaces.ts,1,2
src/modules/bids-deprecated/composition/useBids.ts,1,2
src/types/custom.d.ts,1,2
src/modules/bids-deprecated/app/bidding-block/bid-form/useBidForm.ts,1,2
src/modules/bids-deprecated/store/getters.ts,1,2
src/modules/bids/tracking/BidEventTracker.ts,1,2
src/common/components/load-stops-list/RouteStep.vue,1,2
src/common/components/load-stops-list/LineDashedIcon.vue,1,2
src/modules/bids-deprecated/events/BidEventKeys.ts,1,2
src/modules/orders/components/order-details/order-content/order-bids/__tests__/UpdateBidWrapper.ts,1,2
src/modules/savedLanes/store/getter-types.ts,1,2
src/common/components/load-stops-list/EllipseIcon.vue,1,2
src/modules/bids/app/bidding-block/bid-input/BidInputWithCondition.spec.ts,1,2
src/modules/marketplace/classes/MarketplaceTab.ts,1,2
src/common/services/BiddingService.ts,1,2
src/experiments/accept-now/VariantC.ts,1,2
src/modules/orders/events/index.ts,1,2
src/modules/tender/components/tender-list/tender-table-row/TenderTableCellVehicleTypes.vue,1,2
src/modules/bids-deprecated/app/bidding-block/bid-form/index.ts,1,2
src/modules/readme.md,1,2
src/events/mocks/index.ts,1,2
src/modules/bids-deprecated/services/errors/index.ts,1,2
src/experiments/accept-now/components/NumberOfBids.vue,1,2
src/modules/bids-deprecated/base/helpers.spec.ts,1,2
src/common/compositions/mocks/useFeatureFlag-mock.ts,1,2
src/modules/bids-deprecated/models/mocks/index.ts,1,2
src/modules/savedLanes/components/common/DropdownFilter.vue,1,2
src/modules/savedLanes/components/common/__tests__/RadiusAddressWrapper.spec.ts,1,2
src/modules/tender/components/tender-details/tender-content/tender-bids/TenderBidChangeDialog.vue,1,2
src/common/components/table/TableRow.vue,1,2
src/modules/bids-deprecated/app/bidding-block/useBidInAwaitingMatchingConfirmationState.ts,1,2
src/modules/tender/components/tender-list/tender-table-row/TenderTableCellOriginDestination.vue,1,2
src/modules/orders/base/eventBus.ts,1,2
src/modules/bids/app/bidding-block/useBiddingStatuses.ts,1,2
src/modules/bids-deprecated/app/bidding-block/awaiting-matching-confirmation-state/AwaitingMatchingConfirmationState.vue,1,2
src/modules/bids-deprecated/store/mutations.ts,1,2
src/event/EventTracker.spec.ts,1,2
src/modules/tender/services/TenerService.spec.ts,1,2
src/common/components/table-plankton/__tests__/TableCell.spec.ts,1,2
src/modules/savedLanes/components/__tests__/SavedLaneCarousel.spec.ts,1,2
src/modules/orders/base/constants.ts,1,2
src/modules/bids-deprecated/app/bidding-block/useCancelBidDialog.ts,1,2
src/modules/bids-deprecated/app/bidding-block/bidding-statuses/BiddingStatuses.vue,1,2
src/modules/savedLanes/components/SavedLanesNoResults.vue,1,2
src/modules/bids-deprecated/app/bid-table-cell/status/useBidStatus.spec.ts,1,2
src/components/About.vue,1,2
src/modules/savedLanes/components/common/__tests__/DropdownFilter.spec.ts,1,2
src/modules/bids/app/bidding-block/bid-input/change-bid-condition/OrderChangeBidCondition.spec.ts,1,2
src/common/http/errors/custom-errors.ts,1,2
src/modules/orders/components/order-details/order-content/order-load-details/order-route-details/__tests__/RouteStep.spec.ts,1,2
src/modules/bids/app/bidding-block/cta-buttons/CTAButtons.vue,1,2
src/modules/savedLanes/store/mutations.ts,1,2
src/modules/bids-deprecated/services/errors/BiddingServiceErrors.spec.ts,1,2
src/modules/bids-deprecated/store/mocks/getters.ts,1,2
src/modules/bids-deprecated/services/mocks/index.ts,1,2
src/modules/bids-deprecated/events/index.ts,1,2
src/modules/bids/tracking/mocks/index.ts,1,2
src/modules/savedLanes/components/common/__tests__/RadiusFilter.spec.ts,1,2
src/modules/design/components/FallbackFetchAgain.vue,1,2
src/modules/savedLanes/types/enums.ts,1,2
src/modules/savedLanes/store/action-types.ts,1,2
src/modules/filters/events/index.ts,1,2
src/common/env.ts,1,2
src/marketplace-shared-data.ts,1,2
src/modules/savedLanes/components/common/RadiusAddressWrapper.vue,1,2
src/common/components/BackButton.spec.ts,1,2
src/assets/svgs/roundtrip.svg,1,2
src/modules/tender/services/TenderService.spec.ts,1,2
src/common/components/RouteBackToButton.vue,1,2
src/event/EventTracker.ts,1,2
src/modules/bids/events/BidEventBusEvents.ts,1,2
src/events/AmplitudeEvent.ts,1,2
src/modules/bids-deprecated/app/bidding-block/bidding-statuses/useBiddingStatus.ts,1,2
src/filters/application/use-cases/FilterByLocationUseCase.ts,1,2
src/common/services/MarketplaceService.ts,1,2
src/modules/filters/components/filter-bar/RefreshOrders.vue,1,2
src/modules/orders/events/mocks/index.ts,1,2
src/common/services/SennderContactService.ts,1,2
src/modules/savedLanes/components/SavedLaneConfirmDialog.vue,1,2
src/services/TruckLoadQuery.ts,1,2
src/modules/savedLanes/components/__tests__/SavedLane.spec.ts,1,2
src/modules/bids-deprecated/store/mutations.spec.ts,1,2
src/modules/bids-deprecated/composition/index.ts,1,2
src/modules/bids-deprecated/store/getters.spec.ts,1,2
src/modules/bids-deprecated/app/bidding-block/bidding-statuses/bid-status/index.ts,1,2
src/modules/orders/classes/__tests__/RegularBid.spec.ts,1,2
src/modules/bids-deprecated/models/BidCondition.spec.ts,1,2
src/modules/tender/components/tender-details/tender-content/tender-load-details/TenderSpecifications.vue,1,2
src/modules/orders/components/common/RouteAddress.vue,1,2
src/event/TrackingEvent.ts,1,2
src/modules/bids-deprecated/app/bid-table-cell/status/useBidStatus.ts,1,2
src/modules/tender/components/tender-details/tender-content/tender-load-details/TenderRequirements.vue,1,2
src/modules/filters/components/MarketplaceFilters.vue,1,2
src/modules/tender/services/TenderClient.spec.ts,1,2
src/modules/savedLanes/components/MarketplaceFilters.vue,1,2
src/modules/bids-deprecated/events/mocks/index.ts,1,2
src/modules/savedLanes/components/__tests__/SavedLanesNoResults.spec.ts,1,2
src/experiments/accept-now/components/NumberOfBidsHeader.vue,1,2
src/modules/filters/store/mocks/getters.ts,1,2
src/modules/bids/tracking/mocks/BidEventConsumer.ts,1,2
src/common/services/enums/apiErrors.ts,1,2
src/common/compositions/useUrlQueryParams.ts,1,2
src/modules/bids-deprecated/app/bidding-block/index.ts,1,2
src/modules/bids-deprecated/app/bidding-block/useCancelBidDialog.spec.ts,1,2
src/modules/bids/app/bidding-block/PlaceBid.spec.ts,1,2
src/event/mocks/TestEvent.ts,1,2
src/modules/savedLanes/types/storeTypes.ts,1,2
src/modules/orders/components/order-details/order-header/__tests__/LoadBundlesTabs.spec.ts,1,2
src/common/scripts/constants.ts,1,2
src/modules/savedLanes/base/helpers.ts,1,2
src/modules/filters/store/getter-types.ts,1,2
src/domain/services/SearchRepository.ts,1,2
src/modules/bids-deprecated/app/bidding-block-actions/BiddingBlockActions.vue,1,2
src/common/services/errors/__tests__/BiddingServiceErrors.spec.ts,1,2
src/modules/tender/services/TenderClient.ts,1,2
src/common/components/table/Table.vue,1,2
src/modules/bids/tracking/mocks/BidRepository.ts,1,2
src/modules/bids-deprecated/events/BidRepository.ts,1,2
src/modules/bids-deprecated/composition/useLowestBidPrice.ts,1,2
src/common/components/table-plankton/TableCell.vue,1,2
src/modules/marketplace/tracking/mocks/index.ts,1,2
src/components/Home.vue,1,2
src/modules/marketplace/store/mocks/state.ts,1,2
src/common/mocks/rootstore.mock.ts,1,2
src/modules/bids-deprecated/models/index.ts,1,2
rspack/rspack.config.js,1,2
src/common/components/MapPlaceholder.vue,1,2
src/modules/savedLanes/components/common/RadiusFilter.vue,1,2
src/modules/savedLanes/types/helpers.ts,1,2
src/event/mocks/EventBus.ts,1,2
src/modules/bids-deprecated/store/mocks/state.ts,1,2
src/modules/savedLanes/store/mutations-types.ts,1,2
src/modules/accept-now/tracking/mocks/AcceptNowEventConsumer.ts,1,2
src/components/Marketplace.vue,1,2
src/application/ApplicationFactory.ts,1,2
src/modules/bids-deprecated/app/bidding-block-actions/index.ts,1,2
src/experiments/accept-now/featureFlags.ts,1,2
src/modules/bids-deprecated/app/bidding-block/accepted-state/AcceptedState.vue,1,2
src/layouts/PageContent.vue,1,2
src/modules/bids/app/bidding-block/useBiddingStatuses.spec.ts,1,2
src/modules/orders/featureFlags.ts,1,2
src/modules/bids-deprecated/store/mocks/store.ts,1,2
src/common/scripts/helpers.ts,1,2
src/bootstrap-local-config.ts,1,2
src/event/mocks/index.ts,1,2
src/modules/savedLanes/store/getters.ts,1,2
src/modules/savedLanes/components/SavedLanesCarousel.vue,1,2
src/architecture-vision/UseCases/PlaceBidUse.ts,1,2
src/modules/marketplace/components/orders/complementary-loads/ComplementaryLoads.spec.ts,1,2
src/services/UIErrorService.ts,1,2
src/event/trackCustomEvent.ts,1,2
src/common/services/MothershipLocations.ts,1,2
src/modules/bids-deprecated/featureFlags.ts,1,2
src/event/trackCustomEvent.spec.ts,1,2
src/modules/orders/components/order-details/order-content/order-load-details/order-route-details/__tests__/RouteNotes.spec.ts,1,2
src/modules/bids-deprecated/models/mocks/ResponseWrapper.ts,1,2
src/modules/bids-deprecated/store/mocks/index.ts,1,2
src/modules/filters/services/SavedLaneOrderService.spec.ts,1,2
src/events/TrackingEvent.ts,1,2
src/modules/bids-deprecated/models/BidCondition.ts,1,2
src/modules/bids-deprecated/app/bidding-block/useBidInAcceptedState.ts,1,2
src/modules/bids/app/bidding-block/ChangeBid.spec.ts,1,2
src/modules/tender/store/index.ts,1,2
src/modules/assignments/Assignments.vue,1,2
src/modules/tender/components/tender-list/tender-table-row/TenderTableCellWeeklyVolume.vue,1,2
src/modules/bids-deprecated/app/index.ts,1,2
src/common/services/SavedLanesService.ts,1,2
src/modules/bids-deprecated/events/mocks/BidRepository.ts,1,2
src/modules/filters/store/mutations-types.ts,1,2
src/modules/tender/components/tender-list/tender-table-row/TenderTableRow.vue,1,2
src/modules/bids-deprecated/app/bidding-block/useBidInAwaitingMatchingConfirmationState.spec.ts,1,2
src/modules/marketplace/classes/BidCondition.ts,1,2
src/modules/bids-deprecated/app/bidding-block/confirm-bid-dialog/ConfirmBidDialog.vue,1,2
src/modules/savedLanes/store/index.ts,1,2
src/styles/coral-fixed.css,1,2
.editorconfig,1,2
src/modules/accept-now/tracking/mocks/index.ts,1,2
src/modules/bids-deprecated/app/bid-table-cell/status/OrderListBidStatus.vue,1,2
src/modules/bids-deprecated/store/index.ts,1,2
src/modules/design/components/FloatingBlockOnScroll.vue,1,2
src/common/featureFlags.ts,1,2
src/modules/bids-deprecated/base/helpers.ts,1,2
src/modules/bids-deprecated/app/bidding-block/bidding-statuses/bid-status/BidStatus.vue,1,2
.npmrc,1,1
src/modules/tender/services/errors/TenderServiceError.spec.ts,1,1
src/modules/filters/services/errors/FilterServiceErrors.ts,1,1
src/modules/accept-now/events/AcceptNowEventBusEvents.ts,1,1
src/assets/svgs/destination_arrow.svg,1,1
src/marketplace/domain/services/SearchRepository.ts,1,1
src/modules/design/components/Loader.vue,1,1
src/experiments/time-auction/featureFlags.ts,1,1
src/modules/transport-offers/mocks/index.ts,1,1
webpack/moduleFederationConfig.js,1,1
src/modules/transport-offers/models/index.ts,1,1
src/styles/fonts.scss,1,1
src/modules/transport-offers/detail/components/index.ts,1,1
src/modules/filters/services/FilterService.ts,1,1
src/modules/filters/services/errors/FilterServiceErrors.spec.ts,1,1
src/common/components/table/__tests__/TableCell.spec.ts,1,1
src/modules/transport-offers/list/store/index.ts,1,1
src/marketplace/application/displayTruckloads.ts,1,1
src/assets/svgs/destination_arrow_long.svg,1,1
src/modules/marketplace/components/orders/complementary-loads/composition/index.ts,1,1
src/modules/tender/services/errors/TenderServiceError.ts,1,1
src/modules/accept-now-deprecated/models/mocks/index.ts,1,1
src/types/shims-vue.d.ts,1,1
src/common/services/readme.md,1,1
src/filters/ui/useFilters.ts,1,1
src/modules/orders/classes/DayDifferenceExact.ts,1,1
src/common/compositions/useInterval.spec.ts,1,1
src/modules/marketplace/components/orders/complementary-loads/ComplementaryLoads.vue,1,1
src/modules/accept-now-deprecated/composition/useAcceptNowNotification.spec.ts,1,1
src/modules/next-load-suggestions-deprecated/featureFlags.ts,1,1
src/experiments/time-auction/components/TimeAuctionHeader.vue,1,1
src/modules/marketplace/readme.md,1,1
src/modules/accept-now-deprecated/app/accept-now-action/index.ts,1,1
nginx.conf,1,1
src/common/compositions/useSmartBanner.ts,1,1
src/modules/accept-now-deprecated/events/AcceptNowEventKeys.ts,1,1
src/modules/filters/store/mutation.spec.ts,1,1
src/integrations/datadog.ts,1,1
src/common/services/RouterRepository.ts,1,1
src/modules/bids/services/BiddingService.spec.ts,1,1
src/common/components/load-stops-list/TimezoneAcronym.vue,1,1
src/modules/filters/components/filter-list/FiltersCarousel.vue,1,1
src/common/http/errors/mocks/axios-error-mock.ts,1,1
src/modules/marketplace/store/mocks/index.ts,1,1
src/modules/transport-offers/detail/store/index.ts,1,1
src/modules/orders/classes/__tests__/MultiStop.spec.ts,1,1
src/marketplace/services/TruckLoadStorage.ts,1,1
src/common/readme.md,1,1
src/modules/orders/components/order-details/order-not-ready/index.ts,1,1
src/assets/pngs/no-route-map-placeholder.png,1,1
src/assets/svgs/no-saved-lanes.svg,1,1
.prettierrc.json,1,1
src/modules/transport-offers/services/index.ts,1,1
src/modules/filters/store/getters.spec.ts,1,1
src/types/shims-tsx.d.ts,1,1
src/modules/accept-now-deprecated/featureFlags.ts,1,1
src/modules/orders/store/__tests__/mutations.spec.ts,1,1
src/modules/accept-now-deprecated/app/useAcceptNowConfirm.ts,1,1
src/common/application/ports.ts,1,1
src/modules/marketplace/components/orders/complementary-loads/composition/useComplementaryLoads.spec.ts,1,1
src/modules/bids/components/.gitkeep,1,1
src/marketplace/application/displayTruckLoads.spec.ts,1,1
src/assets/svgs/check_mark.svg,1,1
src/modules/config/.gitkeep,1,1
src/common/components/table/__tests__/TableRow.spec.ts,1,1
src/filters/di/container.ts,1,1
src/di/container.ts,1,1
src/notifications/notifications.spec.ts,1,1
src/modules/accept-now-deprecated/app/index.ts,1,1
Makefile,1,1
src/marketplace/services/TruckLoadQuery.ts,1,1
src/modules/orders/store/__tests__/getter.spec.ts,1,1
src/modules/currencies/currencies.ts,1,1
src/modules/notifications/compositions/usePushNotification.spec.ts,1,1
src/modules/marketplace/store/mocks/store.ts,1,1
src/modules/currencies/formatCurrency.ts,1,1
src/modules/tender/styles/responsive.scss,1,1
src/modules/filters/services/mocks/SavedLaneClient-mock.ts,1,1
src/modules/notifications/compositions/usePushNotification.ts,1,1
src/common/components/index.ts,1,1
src/modules/filters/services/mocks/index.ts,1,1
src/common/types/feature-flags.ts,1,1
src/modules/orders/components/order-details/order-not-ready/OrderNotReady.vue,1,1
webpack/webpack.stg.js,1,1
src/modules/marketplace/components/orders/complementary-loads/ComplementaryLoadsHeader.vue,1,1
src/modules/design/components/BlockWithBorder.vue,1,1
src/modules/marketplace/di/container.ts,1,1
src/modules/filters/models/filter-mappers.ts,1,1
src/modules/transport-offers/list/components/index.ts,1,1
src/modules/marketplace/components/orders/complementary-loads/composition/useComplementaryLoads.ts,1,1
src/modules/filters/components/filter-add/useSavedFilters.ts,1,1
src/marketplace/application/ports.ts,1,1
src/modules/accept-now-deprecated/events/mocks/AcceptNowRepository.ts,1,1
src/common/filter/readme.md,1,1
src/common/compositions/useInterval.ts,1,1
src/assets/palette_with_boxes.svg,1,1
src/modules/filters/components/filter-add/responsibility.md,1,1
src/modules/marketplace/store/mutations.spec.ts,1,1
src/experiments/price-guidance/components/PriceGuidanceBanner.vue,1,1
src/common/http/request-manager.spec.ts,1,1
src/modules/next-load-suggestions-deprecated/app/order-next-suggestions/AlertModal.vue,1,1
src/languages/readme.md,1,1
src/modules/transport-offers/services/mocks/index.ts,1,1
src/common/http/loggers/index.ts,1,1
src/common/http/mocks/index.ts,1,1
src/modules/accept-now-deprecated/models/index.ts,1,1
src/modules/notifications/index.ts,1,1
.eslintrc.json,1,1
src/common/compositions/useSmartBanner.spec.ts,1,1
src/modules/accept-now-deprecated/composition/useAcceptNowNotification.ts,1,1
src/marketplace/services/UIErrorService.ts,1,1
src/modules/marketplace/components/orders/complementary-loads/composition/mocks/useComplementary.mocks.ts,1,1
jest.config.ts,1,1
src/modules/marketplace/store/getters.spec.ts,1,1
src/marketplace/application/ApplicationFactory.ts,1,1
src/modules/tender/base/constants.ts,1,1
src/common/types/index.ts,1,1
src/marketplace/Marketplace sequence and interaction between components.md ,1,1
src/modules/marketplace/events/index.ts,1,1
.env.stg,1,1
src/common/components/load-stops-list/__tests__/RouteStep.spec.ts,1,1
src/modules/notifications/compositions/index.ts,1,1
src/modules/accept-now-deprecated/composition/index.ts,1,1
src/types/localData.d.ts,1,1
src/integrations/monitoring.ts,1,1
src/common/components/table/TableTitles.vue,1,1
src/types/coral.d.ts,1,1
src/modules/orders/classes/__tests__/DayDifferenceExact.spec.ts,1,1
public/favicon.ico,1,1
src/assets/svgs/404_500_ODV.svg,1,1
src/modules/accept-now-deprecated/composition/mocks/useAcceptNow.ts,1,1
src/filters/ui/useFilters.spec.ts,1,1
src/modules/orders/services/errors/OrderServiceErrors.spec.ts,1,1
src/modules/filters/components/filter-add/Approach_for_refactoring.md,1,1
src/modules/filters/events/FilterEventBusEvents.ts,1,1
src/modules/accept-now-deprecated/app/accept-now-block/index.ts,1,1
src/experiments/time-auction/index.ts,1,1
src/common/http/request-manager.ts,1,1
src/common/compositions/useTotalDistance.spec.ts,1,1
src/modules/accept-now-deprecated/events/mocks/index.ts,1,1
src/common/types/ResponseWrapper.ts,1,1
src/styles/animations.scss,1,1
src/architecture-vision/README.md,1,1
src/modules/filters/services/FilterService.spec.ts,1,1
src/index.ts,1,1
src/notifications/index.ts,1,1
src/common/compositions/useRoute.spec.ts,1,1
src/modules/accept-now-deprecated/constants.ts,1,1
src/store/readme.md,1,1
src/modules/bids/services/.gitkeep,1,1
src/styles/dialog-style.scss,1,1
src/modules/currencies/index.ts,1,1
src/modules/tender/classes/tender-details/LoadRequirement.ts,1,1
src/modules/accept-now-deprecated/models/accept-now-dialog.ts,1,1
src/common/compositions/useWindow.spec.ts,1,1
src/modules/marketplace/tracking/index.ts,1,1
src/modules/bids/readme.md,1,1
src/common/compositions/mocks/index.ts,1,1
src/common/http/errors/ErrorService.ts,1,1
src/modules/marketplace/components/MarketplaceAllLoads.vue,1,1
src/common/http/mocks/headers.mocks.ts,1,1
src/modules/accept-now-deprecated/events/index.ts,1,1
src/modules/inftrastructure/readme.md,1,1
src/global-setup.ts,1,1
src/modules/bids-deprecated/app/bidding-block/cancel-bid-dialog/CancelBidDialog.spec.ts,1,1
src/store/getter.spec.ts,1,1
src/common/mocks/orderIdMapping.mock.ts,1,1
src/modules/currencies/formatCurrency.spec.ts,1,1
src/modules/orders/events/OrderEventBusEvents.ts,1,1
src/modules/filters/services/mocks/FilterService-mock.ts,1,1
src/filters/mocks/index.ts,1,1
src/experiments/use-auth-v4/useAuthV4.ts,1,1
src/modules/bids/models/.gitkeep,1,1
src/tracking/index.ts,1,1
src/common/compositions/useUrlQueryParams.spec.ts,1,1
src/modules/config/readme.md,1,1
src/filters/application/use-cases/FilterByVehicleTypeUseCase.spec.ts,1,1
src/common/compositions/useTotalDistance.ts,1,1
babel.config.js,1,1
webpack/webpack.local.js,1,1
src/modules/filters/components/filter-edit/FilterEditDialog.vue,1,1
src/modules/accept-now-deprecated/app/useAcceptNowConfirm.spec.ts,1,1
src/common/compositions/useWindow.ts,1,1
.eslintignore,1,1
src/modules/accept-now-deprecated/services/index.ts,1,1
src/marketplace/ui/ComplementaryLoads.vue,1,1
src/common/http/errors/RefreshDialogError.ts,1,1
src/modules/filters/components/filter-details/FilterDetails.vue,1,1
