entity,fractal-value,total-revs
src/orchestrated/sharedData.ts,0.85,16
src/modules/assignments/services/BffAssignmentService.ts,0.84,16
src/modules/assignments/services/__tests__/BffAssignmentService.spec.ts,0.84,15
package.json,0.82,75
src/common/config/config.ts,0.82,27
package-lock.json,0.81,63
webpack/webpack.common.js,0.81,20
sndt.json,0.81,12
src/orchestrated/languages.ts,0.81,9
src/bootstrap.ts,0.8,56
src/modules/marketplace/components/LoadLockedPromoBanner.vue,0.8,14
src/integrations/sentry.ts,0.8,13
src/modules/tender/components/tender-list/TendersTable.spec.ts,0.8,5
src/modules/marketplace/components/MarketplaceTabs.vue,0.79,23
src/modules/bids/app/bid-table-cell/actions/OrderListBidActions.vue,0.79,15
src/modules/bids/app/bidding-block/BiddingBlock.vue,0.79,14
src/orchestrated/tenants.ts,0.79,9
src/modules/assignments/classes/__tests__/OrderAssignmentsResponse.spec.ts,0.79,9
src/modules/assignments/components/Assignments.vue,0.78,24
src/modules/bids/app/bidding-block/bid-form/BidForm.vue,0.78,19
src/modules/assignments/services/AssignmentService.ts,0.78,15
src/modules/bids/app/bidding-block/bid-form/useBidForm.ts,0.78,12
src/modules/bids/composition/useBidActions.spec.ts,0.78,8
src/modules/assignments/components/__tests__/Assignments.spec.ts,0.78,8
src/modules/bids/app/bidding-block/bidding-statuses/useBiddingStatus.ts,0.78,7
src/modules/tender/components/tender-list/TenderList.spec.ts,0.78,6
src/modules/tender/components/tender-list/TenderTableRow.spec.ts,0.78,6
src/common/services/errors/GenericServiceErrors.ts,0.78,6
src/modules/bids/services/BiddingRegularOrderService.ts,0.77,16
src/modules/marketplace/components/__tests__/MarketplaceTabs.spec.ts,0.77,15
src/modules/bids/app/bidding-block/confirm-bid-dialog/ConfirmBidDialog.vue,0.77,9
jest.config.js,0.76,13
src/modules/tender/components/tender-details/tender-content/tender-bids/__tests__/TenderBidChange.spec.ts,0.76,11
src/modules/bids/app/bidding-block/cancel-bid-dialog/CancelBidDialog.vue,0.75,18
src/common/components/NonAccessPlaceholder.vue,0.75,16
src/modules/accept-now/app/AcceptNowSuccessDialog.vue,0.75,13
src/modules/bids/services/BiddingRegularOrderService.spec.ts,0.75,12
src/languages/en.json,0.75,8
src/modules/next-load-suggestions/composition/useNextLoadSuggestions.spec.ts,0.75,8
src/common/services/errors/__tests__/GenericServiceErrors.spec.ts,0.75,8
.env.uat,0.75,8
src/modules/bids/app/bidding-block/bidding-statuses/useBiddingStatus.spec.ts,0.75,8
src/modules/assignments/services/__tests__/AssignmentService.spec.ts,0.75,8
src/modules/assignments/classes/OrderAssignmentsResponse.ts,0.75,8
src/modules/orders/components/order-details/order-content/order-load-details/__tests__/OrderDetailsExpectedCost.spec.ts,0.75,4
src/modules/orders/components/order-details/order-next-suggestions/__tests__/NextLoadSuggestions.spec.ts,0.75,4
src/modules/accept-now/models/accept-now-dialog.ts,0.75,4
src/modules/tender/components/tender-list/TendersNoResults.spec.ts,0.75,4
src/modules/orders/components/order-details/order-content/OrderDetailsContent.vue,0.74,55
src/modules/orders/components/order-details/order-content/OrderDetailsContent.spec.ts,0.74,27
src/modules/assignments/types/serviceTypes.ts,0.74,12
src/orchestrated/logger.ts,0.74,11
src/modules/bids/app/bid-table-cell/status/OrderListBidStatus.vue,0.74,11
catalog-info.yaml,0.74,11
README.md,0.74,10
.gitignore,0.74,10
src/modules/orders/components/order-details/order-content/order-load-details/order-map/__tests__/OrderDetailsMap.spec.ts,0.74,10
src/modules/bids/app/bidding-block/bid-form/useBidForm.spec.ts,0.74,10
src/modules/assignments/services/CarrierAssignmentService.ts,0.74,9
src/modules/next-load-suggestions/composition/useNextLoadSuggestions.ts,0.74,9
src/modules/accept-now/app/AcceptNowConfirmDialog.vue,0.73,26
src/common/services/GenericService.ts,0.73,20
src/modules/orders/segmentEvents.ts,0.73,18
src/common/components/HereMap.vue,0.73,17
src/modules/bids/app/bid-details/OrderBid.vue,0.73,14
src/common/base/mixins/__tests__/refreshDialogMixin.spec.ts,0.73,14
src/modules/bids/composition/useAvailableBidActions.ts,0.73,7
src/common/components/__tests__/VehicleTypes.spec.ts,0.73,7
src/modules/bids-deprecated/app/bidding-block/useBiddingBlock.ts,0.73,7
src/modules/accept-now/models/mocks/accept-now-mock.ts,0.73,7
src/orchestrated/notifications.ts,0.73,7
.env.prod,0.72,21
.env.dev,0.72,21
webpack/webpack.prod.js,0.72,21
src/modules/accept-now/app/AcceptNowSuccessDialog.spec.ts,0.72,13
src/modules/tender/components/tender-list/TendersNoResults.vue,0.72,13
src/modules/bids/services/BiddingClient.ts,0.72,12
src/common/components/FuelSurcharge.vue,0.72,10
src/common/components/__tests__/FuelSurcharge.spec.ts,0.72,10
src/modules/bids/app/bid-table-cell/actions/OrderListBidActions.spec.ts,0.72,9
src/modules/marketplace/components/orders/__tests__/MarketplaceOrderList.spec.ts,0.72,9
src/modules/assignments/services/MothershipAssignmentService.ts,0.72,9
src/common/components/BackButton.vue,0.72,8
src/modules/accept-now/app/accept-now-action/AcceptNowAction.vue,0.72,8
src/modules/tender/components/tender-details/tender-content/tender-load-details/__tests__/TenderContractInfo.spec.ts,0.72,8
src/modules/bids/services/mocks/BiddingClient-mock.ts,0.72,6
src/modules/assignments/components/ValidityCounter.vue,0.72,6
src/modules/accept-now/featureFlags.ts,0.72,6
src/modules/assignments/components/orders/OrderId.vue,0.72,6
src/common/services/__tests__/GenericService.spec.ts,0.72,6
src/modules/bids/app/bid-details/ChangeBid.spec.ts,0.72,6
src/modules/tender/components/tender-list/__tests__/TendersNoResults.spec.ts,0.72,6
src/modules/bids/app/bid-details/CancelBid.spec.ts,0.72,6
src/modules/accept-now-deprecated/app/AcceptNowContent.spec.ts,0.72,6
src/modules/bids/composition/useBidActions.ts,0.72,6
src/modules/bids-deprecated/app/bidding-block/BiddingBlock.spec.ts,0.72,5
src/modules/bids/widgets/AcceptNowConfirmDialog.spec.ts,0.72,5
src/modules/bids-deprecated/services/BiddingOrderService.spec.ts,0.72,5
src/modules/bids/services/mocks/index.ts,0.72,5
src/modules/bids/app/bidding-block/bidding-statuses/BiddingStatuses.spec.ts,0.72,5
src/modules/accept-now/app/accept-now-block/useAcceptNowBlock.ts,0.72,5
src/modules/tender/components/tender-details/tender-content/__tests__/TenderBid.spec.ts,0.72,5
src/common/services/RestService.ts,0.71,25
src/modules/accept-now/app/AcceptNowConfirmDialog.spec.ts,0.71,22
src/common/base/orcas.ts,0.71,19
src/modules/orders/models/mocks/Order.ts,0.71,19
src/modules/assignments/components/AssignmentRow.vue,0.71,14
src/modules/marketplace/components/orders/MarketplaceZeroResultsRecommendations.spec.ts,0.71,13
src/modules/tender/components/tender-list/TendersTable.vue,0.71,12
src/modules/marketplace/types/interfaces.ts,0.7,40
src/modules/filters/store/actions.ts,0.7,27
src/local-setup.ts,0.7,25
src/modules/assignments/base/dependencies.ts,0.7,25
src/modules/bids/app/bidding-block/useBiddingBlock.ts,0.7,23
src/modules/marketplace/components/orders/MarketplaceZeroResultsRecommendations.vue,0.7,13
src/orchestrated/shared-data.ts,0.7,10
src/modules/bids/app/bid-details/cancel-bid-dialog/CancelBidDialog.vue,0.7,10
src/modules/marketplace/components/orders/MarketplaceOrderList.vue,0.69,48
src/modules/marketplace/components/MarketplaceAllLanes.vue,0.69,16
src/modules/bids/app/bidding-block/bid-form/BidForm.spec.ts,0.69,14
src/modules/marketplace/types/enums.ts,0.69,13
src/modules/tender/components/tender-details/__tests__/TenderDetails.spec.ts,0.69,12
src/modules/tender/components/tender-details/tender-content/tender-bids/__tests__/TenderPlaceBid.spec.ts,0.69,11
src/modules/bids-deprecated/services/BiddingOrderService.ts,0.69,9
src/modules/bids/app/bidding-block/useBidInAcceptedState.spec.ts,0.69,9
src/modules/bids/app/bidding-block/last-bid/LastBid.vue,0.69,8
src/common/config/tenants.ts,0.69,8
src/modules/bids-deprecated/app/bid-table-cell/actions/OrderListBidActions.vue,0.69,8
public/index.html,0.69,7
src/modules/assignments/types/constants.ts,0.69,7
src/modules/bids/app/bid-details/OrderBid.spec.ts,0.69,7
src/modules/bids/app/accept-now/AcceptNow.vue,0.69,7
src/modules/orders/services/BiddingRegularOrderService.ts,0.69,7
src/modules/tender/components/tender-details/tender-content/__tests__/TenderContent.spec.ts,0.69,7
src/modules/bids/composition/useLowestBidPrice.spec.ts,0.69,7
src/modules/assignments/types/enums.ts,0.69,7
src/modules/bids/app/bid-details/confirm-bid-dialog/ConfirmBidDialog.vue,0.69,7
src/modules/bids-deprecated/models/BidActions.ts,0.69,7
src/modules/bids/app/bid-details/PlaceBid.spec.ts,0.69,7
src/modules/bids/app/bid-details/bid-input/BidInputWithCondition.vue,0.69,7
src/modules/bids/app/PlaceBid.spec.ts,0.69,7
src/modules/tender/components/tender-details/tender-content/TenderBid.vue,0.69,7
src/router.ts,0.68,31
src/modules/bids/services/errors/BiddingServiceErrors.ts,0.68,14
src/modules/accept-now/app/accept-now-block/AcceptNowBlock.vue,0.68,14
src/modules/accept-now/app/accept-now-block/AcceptNowBlock.spec.ts,0.68,14
src/modules/marketplace/components/Banner.vue,0.68,12
src/modules/bids/composition/useAvailableBidActions.spec.ts,0.68,11
src/modules/accept-now/app/AcceptNowContent.spec.ts,0.68,11
src/modules/bids/services/BiddingClient.spec.ts,0.68,11
src/modules/orders/types/interfaces.ts,0.67,44
src/modules/orders/components/order-details/OrderDetailsPage.vue,0.67,43
src/modules/bids-deprecated/services/BiddingClient.ts,0.67,15
src/modules/tender/services/BiddingTenderService.ts,0.67,14
src/modules/bids/app/bidding-block/BiddingBlock.spec.ts,0.67,14
src/modules/filters/services/SavedLaneClient.ts,0.67,13
src/modules/tender/components/tender-details/tender-content/tender-bids/TenderBidChange.vue,0.67,13
src/common/types/enums.ts,0.67,12
src/modules/bids/app/bid-details/bid-input/change-bid-condition/OrderChangeBidCondition.vue,0.67,6
src/modules/tender/components/tender-details/tender-content/__tests__/TenderRoute.spec.ts,0.67,6
src/modules/bids/app/bid-table-cell/status/useBidStatus.ts,0.67,6
src/modules/assignments/components/OrderDetailsTotalPrice.vue,0.67,6
src/modules/bids/app/bid-details/last-bid/LastBid.vue,0.67,6
src/modules/bids-deprecated/app/bidding-block/bid-form/BidForm.spec.ts,0.67,6
src/modules/tender/components/tender-details/tender-content/tender-load-details/__tests__/TenderRequirements.spec.ts,0.67,6
src/modules/assignments/mocks/AssignmentService.mock.ts,0.67,6
src/modules/assignments/segmentEvents.ts,0.67,6
src/modules/accept-now-deprecated/app/accept-now-action/AcceptNowAction.vue,0.67,6
src/modules/orders/components/order-details/order-content/order-load-details/order-description/__tests__/OrderDetailsDescription.spec.ts,0.67,6
src/common/classes/DayDifference.ts,0.67,3
src/modules/marketplace/components/orders/__tests__/OrderPalletExchangeTableCell.spec.ts,0.67,3
.nvmrc,0.67,3
src/modules/tender/components/tender-list/tender-table-row/TenderBidStatus.vue,0.67,3
src/common/services/VehicleTypesService.ts,0.67,3
src/modules/tender/classes/tender-details/TenderDetailsResponse.ts,0.67,3
src/modules/orders/components/order-details/order-next-suggestions/__tests__/AlertModal.spec.ts,0.67,3
src/common/components/load-stops-list/__tests__/verticalStepper.spec.ts,0.67,3
src/tracking/segmentEvents.ts,0.67,3
src/common/components/load-stops-list/__tests__/loadStopsList.spec.ts,0.67,3
src/modules/bids/app/bid-details/OrderBidBlock.vue,0.67,3
jest.base.config.js,0.67,3
src/tenants.ts,0.67,3
src/modules/accept-now-deprecated/app/accept-now-block/AcceptNowBlock.vue,0.67,3
src/modules/marketplace/components/LoadMore/__tests__/LoadMore.spec.ts,0.67,3
src/modules/bids/app/bid-details/bid-input/BidInputWithCondition.spec.ts,0.67,3
src/error-handler.ts,0.67,3
src/modules/accept-now/services/index.ts,0.67,3
src/common/components/load-stops-list/RouteDistance.vue,0.67,3
src/modules/marketplace/analytics/SegmentObserver.ts,0.67,3
src/common/classes/__tests__/DayDifference.spec.ts,0.67,3
src/modules/marketplace/components/orders/__tests__/OrderActionsButtonTableCell.spec.ts,0.67,3
src/common/components/__tests__/TableNoResults.spec.ts,0.67,3
ReadMe.md,0.67,3
src/common/components/TableNoResults.vue,0.67,3
src/common/components/load-stops-list/__tests__/RouteNotes.spec.ts,0.67,3
src/modules/filters/components/common/TypeAheadField.spec.ts,0.67,3
src/modules/accept-now-deprecated/app/AcceptNowConfirmDialog.spec.ts,0.67,3
src/modules/accept-now/composition/index.ts,0.67,3
src/modules/orders/classes/__tests__/SingleStop.spec.ts,0.67,3
src/modules/next-load-suggestions/app/order-next-suggestions/OrderRouteTableCells.vue,0.67,3
src/modules/filters/featureFlags.ts,0.67,3
src/orchestrated/sentry.ts,0.67,3
lefthook.yml,0.67,3
src/common/base/mixins/refreshDialogMixin.ts,0.67,3
src/modules/orders/mocks/MarketplaceService.mock.ts,0.67,3
src/setup-jest.ts,0.66,44
src/routes.ts,0.66,19
src/modules/bids/models/BidActions.ts,0.66,16
src/modules/orders/mocks/store.mock.ts,0.66,14
src/modules/orders/components/order-details/order-content/order-mobile/__tests__/OrderBidDialog.spec.ts,0.66,11
src/modules/assignments/mocks/store.mock.ts,0.66,10
src/modules/bids/composition/useBids.spec.ts,0.66,8
src/modules/orders/components/common/__tests__/OrderRouteStop.spec.ts,0.66,8
src/modules/assignments/components/AssignmentsFilters.vue,0.66,8
src/modules/bids/store/mutations.ts,0.66,8
src/modules/marketplace/components/orders/OrderActionsButtonTableCell.vue,0.66,8
src/modules/accept-now-deprecated/services/AcceptNowService.spec.ts,0.66,8
src/modules/bids/app/OrderBid.vue,0.66,8
src/tracking/helpers.ts,0.66,8
src/modules/bids-deprecated/models/Bid.ts,0.66,8
src/modules/marketplace/store/actions.ts,0.65,47
src/modules/bids/models/mocks/Bid.ts,0.65,24
src/modules/bids-deprecated/services/BiddingClient.spec.ts,0.65,14
src/modules/accept-now/services/AcceptNowService.spec.ts,0.65,7
src/config.ts,0.65,7
src/modules/marketplace/components/orders/__tests__/MarketplaceOrderRow.spec.ts,0.64,40
src/modules/bids/models/Bid.ts,0.64,35
src/modules/accept-now/app/useAcceptNowConfirm.ts,0.64,25
src/modules/bids/store/getters.ts,0.64,23
src/modules/marketplace/components/Marketplace.vue,0.64,22
src/modules/marketplace/models/TransportOffers.ts,0.64,22
src/common/http/http-client.spec.ts,0.64,18
src/modules/bids/store/getters.spec.ts,0.64,17
src/common/http/http-client.ts,0.64,17
src/modules/tender/services/TenderService.ts,0.64,11
src/modules/orders/components/order-details/order-content/order-load-details/order-route-details/__tests__/verticalStepper.spec.ts,0.64,10
src/modules/bids/tracking/trackBidEvent.ts,0.64,9
src/modules/tender/components/tender-details/tender-content/tender-load-details/TenderContractInfo.vue,0.64,9
src/modules/bids/app/bid-details/cta-buttons/CTAButtons.vue,0.64,5
src/modules/bids-deprecated/app/bidding-block/bid-form/BidForm.vue,0.64,5
src/modules/assignments/components/orders/__tests__/OrderRequirementsTableCell.spec.ts,0.64,5
src/modules/assignments/components/Status.vue,0.64,5
src/modules/tender/classes/tender-details/__tests__/LoadRequirement.spec.ts,0.64,5
src/modules/assignments/components/orders/OrderRouteDropoff.vue,0.64,5
src/modules/assignments/components/orders/__tests__/OrderRouteTableCells.spec.ts,0.64,5
src/experiments/price-guidance/components/PriceGuidanceBanner.spec.ts,0.64,5
src/common/base/mixins/__tests__/RefreshDialogTestComponent.vue,0.64,5
src/modules/tender/classes/tender-details/__tests__/ContractInfo.spec.ts,0.64,5
src/modules/assignments/components/orders/__tests__/OrderLoadDescriptionTableCell.spec.ts,0.64,5
src/common/scripts/backendClient.js,0.64,5
src/modules/assignments/components/assignmentDetailsDialog/__tests__/OrderDetailsSectionHeadline.spec.ts,0.64,5
src/modules/bids/app/OrderBidBlock.spec.ts,0.64,5
src/modules/bids-deprecated/app/bidding-block/useBiddingBlock.spec.ts,0.64,5
src/modules/assignments/components/assignmentDetailsDialog/OrderDetailsSectionHeadline.vue,0.64,5
src/modules/assignments/components/orders/OrderRoutePickup.vue,0.64,5
src/modules/assignments/components/orders/__tests__/OrderIdTableCell.spec.ts,0.64,5
src/modules/assignments/components/assignmentDetailsDialog/__tests__/OrderDetailsLoadSection.spec.ts,0.64,5
src/modules/filters/components/common/RadiusFilter.spec.ts,0.64,5
src/modules/marketplace/components/orders/__tests__/OrderRouteTableCells.spec.ts,0.64,5
src/modules/bids/app/floating-block/OrderDetailsFloatingBlock.vue,0.64,5
src/modules/bids/services/BiddingSpotOrderService.spec.ts,0.64,5
src/modules/bids/app/bid-input/BidInputWithCondition.vue,0.64,5
src/modules/marketplace/featureFlags.ts,0.64,5
src/modules/assignments/components/orders/OrderRequirements.vue,0.64,5
src/modules/assignments/base/mixins/autoReload.ts,0.64,5
src/modules/bids-deprecated/app/bid-table-cell/actions/OrderListBidActions.spec.ts,0.64,5
src/modules/bids/app/bidding-block-actions/BiddingBlockActions.vue,0.64,5
.husky/pre-commit,0.64,5
src/modules/tender/services/BiddingTenderService.spec.ts,0.64,5
src/modules/bids-deprecated/app/bidding-block/cancel-bid-dialog/CancelBidDialog.vue,0.64,5
src/modules/assignments/components/assignmentDetailsDialog/__tests__/OrderDetailsDialogHeadline.spec.ts,0.64,5
sonar-project.properties,0.64,5
src/modules/assignments/components/assignmentDetailsDialog/__tests__/OrderDetailsTotalPrice.spec.ts,0.64,5
src/modules/assignments/components/orders/__tests__/LoadWeightSpecification.spec.ts,0.64,5
src/modules/bids/app/bid-table-cell/status/useBidStatus.spec.ts,0.64,5
src/modules/bids/app/bid-details/floating-block/OrderDetailsFloatingBlock.vue,0.64,5
.gitlab-ci.yml,0.63,102
src/modules/filters/components/filter-add/FilterAdd.vue,0.63,34
src/orchestrated/auth.ts,0.63,26
src/modules/accept-now/app/useAcceptNowConfirm.spec.ts,0.63,26
src/modules/marketplace/store/mutations.ts,0.63,24
src/modules/marketplace/store/index.ts,0.63,21
src/modules/orders/base/dependencies.ts,0.63,21
src/modules/accept-now/models/accept-now.ts,0.63,17
src/modules/bids/app/bid-table-cell/OrderListBid.vue,0.63,16
src/modules/filters/components/filter-edit/SavedLaneEditDialog.vue,0.63,16
src/modules/bids/base/helpers.ts,0.63,13
src/modules/bids/store/actions.ts,0.63,11
src/modules/assignments/components/Assignments.spec.ts,0.63,8
src/modules/bids/services/BiddingOrderService.spec.ts,0.63,8
src/tracking/segment.ts,0.63,8
src/modules/bids/store/actions.spec.ts,0.63,8
src/modules/tender/components/tender-details/tender-content/tender-bids/__tests__/TenderWeekLoadChooser.spec.ts,0.63,4
src/modules/orders/mocks/marketplaceService.mocks.ts,0.63,4
src/common/testing/test-helpers.ts,0.63,4
src/modules/tender/components/tender-details/__tests__/TenderError.spec.ts,0.63,4
src/modules/bids/app/bidding-block/useBidInAcceptedState.ts,0.63,4
src/modules/tender/components/tender-details/tender-content/tender-load-details/TenderLoadDetails.vue,0.63,4
src/modules/accept-now/composition/useAcceptNowNotification.ts,0.63,4
src/modules/bids/app/CancelBid.spec.ts,0.63,4
src/modules/bids/models/BidCondition.spec.ts,0.63,4
src/modules/tender/components/tender-details/tender-content/tender-bids/__tests__/TenderBidChangeDialog.spec.ts,0.63,4
src/modules/bids/app/bidding-block/bidding-statuses/BiddingStatuses.vue,0.63,4
src/modules/accept-now-deprecated/app/accept-now-action/AcceptNowAction.spec.ts,0.63,4
src/modules/bids/models/mocks/ResponseWrapper.ts,0.63,4
src/modules/bids/composition/index.ts,0.63,4
src/modules/next-load-suggestions-deprecated/composition/useNextLoadSuggestions.ts,0.63,4
src/modules/bids-deprecated/composition/useAvailableBidActions.ts,0.63,4
src/modules/next-load-suggestions-deprecated/app/order-next-suggestions/NextLoadSuggestionRow.spec.ts,0.63,4
src/common/services/authService.ts,0.63,4
src/modules/next-load-suggestions-deprecated/composition/useNextLoadSuggestions.spec.ts,0.63,4
src/modules/bids/app/OrderBidBlock.vue,0.63,4
src/modules/tender/components/tender-details/tender-content/tender-load-details/__tests__/TenderLoadDetails.spec.ts,0.63,4
src/modules/bids/services/mocks/BiddingService-mock.ts,0.63,4
src/modules/tender/types/serviceTypes.ts,0.63,4
src/modules/tender/components/tender-details/tender-content/tender-load-details/__tests__/TenderVehicles.spec.ts,0.63,4
src/modules/tender/components/tender-details/tender-content/tender-load-details/__tests__/TenderSpecifications.spec.ts,0.63,4
src/modules/bids-deprecated/composition/useAvailableBidActions.spec.ts,0.63,4
src/modules/orders/components/order-details/order-content/order-load-details/order-description/__tests__/OrderDetailsLoadSection.spec.ts,0.63,4
jest.base.config.ts,0.63,4
src/modules/bids/app/bidding-block/awaiting-matching-confirmation-state/AwaitingMatchingConfirmationState.vue,0.63,4
src/modules/assignments/components/__tests__/AssignmentRow.spec.ts,0.63,4
src/common/components/DayDifference.vue,0.63,4
src/modules/accept-now-deprecated/app/accept-now-block/AcceptNowBlock.spec.ts,0.63,4
src/modules/bids/services/index.ts,0.63,4
src/modules/bids-deprecated/services/errors/BiddingServiceErrors.ts,0.63,4
src/modules/accept-now/composition/useAcceptNowNotification.spec.ts,0.63,4
src/modules/bids/composition/useBids.ts,0.63,4
src/modules/bids/app/bidding-block-actions/BiddingBlockActions.spec.ts,0.63,4
src/modules/tender/store/mutations.ts,0.63,4
src/modules/bids/app/accept-now/AcceptNow.spec.ts,0.63,4
src/common/components/__tests__/MapPlaceholder.spec.ts,0.63,4
src/modules/assignments/components/ValidityCounter.spec.ts,0.63,4
src/modules/bids-deprecated/app/bidding-block/BiddingBlock.vue,0.63,4
src/modules/assignments/components/AssignmentsFilters.spec.ts,0.63,4
src/modules/orders/components/order-details/order-content/order-load-details/OrderDetailsExpectedCost.vue,0.63,4
src/modules/accept-now-deprecated/app/AcceptNowContent.vue,0.63,4
src/modules/orders/mocks/marketplace.mocks.ts,0.62,58
src/modules/marketplace/components/orders/MarketplaceOrderRow.vue,0.62,50
src/modules/orders/services/MarketplaceOrderService.ts,0.62,42
src/modules/orders/services/marketplace-transformers.spec.ts,0.62,29
src/modules/orders/mocks/transport-offers.mock.ts,0.62,28
src/common/base/helpers.ts,0.62,25
src/modules/tender/components/tender-details/TenderDetails.vue,0.62,23
src/modules/tender/base/dependencies.ts,0.62,18
src/modules/orders/components/order-details/order-content/__tests__/OrderDetailsContent.spec.ts,0.62,10
src/modules/accept-now/services/AcceptNowService.ts,0.62,10
src/modules/tender/components/tender-details/tender-content/tender-bids/TenderPlaceBid.vue,0.62,9
src/modules/orders/services/marketplace-transformers.ts,0.61,32
src/store/index.ts,0.61,24
src/common/scripts/backendClient.ts,0.61,22
src/modules/marketplace/types/storeTypes.ts,0.61,17
src/modules/filters/services/SavedLaneClient.spec.ts,0.61,14
src/modules/orders/components/order-details/order-content/order-bids/OrderBid.vue,0.61,14
src/modules/orders/components/order-details/order-content/order-mobile/OrderBidDialog.vue,0.61,12
src/modules/tender/components/tender-details/tender-content/TenderContent.vue,0.61,12
src/common/components/VehicleTypes.vue,0.61,11
src/modules/filters/components/filter-details/SavedLaneDetails.vue,0.61,11
src/modules/assignments/types/interfaces.ts,0.61,11
src/App.spec.ts,0.61,11
src/languages/it.json,0.61,7
src/modules/assignments/components/assignmentDetailsDialog/OrderDetailsLoadSectionDetails.vue,0.61,7
src/languages/de.json,0.61,7
src/modules/bids/app/bidding-block/bid-input/change-bid-condition/OrderChangeBidCondition.vue,0.61,7
src/modules/orders/components/order-details/order-content/useSelectedOrder.spec.ts,0.61,7
src/modules/orders/components/order-details/order-content/useSelectedOrder.ts,0.61,7
src/modules/bids/app/bidding-block/bid-input/BidInputWithCondition.vue,0.61,7
src/modules/assignments/components/assignmentDetailsDialog/__tests__/OrderDetailsLoadSectionDetails.spec.ts,0.61,7
src/languages/es.json,0.61,7
src/modules/marketplace/components/orders/MarketplaceTableTitles.vue,0.61,7
src/languages/pl.json,0.61,7
src/languages/fr.json,0.61,7
src/languages/ru.json,0.61,7
src/modules/orders/components/order-details/test-helpers/OrderDetailsPageWrapper.ts,0.61,7
src/modules/assignments/components/orders/OrderRouteTableCells.vue,0.61,7
src/modules/assignments/components/assignmentDetailsDialog/OrderDetailsLoadContent.vue,0.61,7
src/languages/pt.json,0.61,7
src/common/components/OrderDistance.vue,0.61,6
src/modules/bids/app/ChangeBid.spec.ts,0.61,6
src/modules/assignments/components/AssignmentsActionButtons.vue,0.61,6
src/modules/bids-deprecated/models/mocks/BidActions.ts,0.61,6
src/modules/bids/featureFlags.ts,0.61,6
src/modules/bids/services/BiddingSpotOrderService.ts,0.61,6
src/modules/assignments/components/ListPagination.vue,0.61,6
src/types/sharedData.d.ts,0.61,6
src/modules/assignments/mocks/orderAssignments.ts,0.61,6
src/modules/assignments/common/__tests__/Table.spec.ts,0.61,6
src/modules/assignments/components/orders/__tests__/ContactTableCell.spec.ts,0.61,6
src/modules/bids/models/BidCondition.ts,0.61,6
src/modules/orders/services/errors/OrderServiceErrors.ts,0.61,6
src/modules/next-load-suggestions/app/order-next-suggestions/__tests__/NextLoadSuggestions.spec.ts,0.61,6
src/modules/assignments/services/__tests__/MothershipAssignmentService.spec.ts,0.61,6
src/modules/bids/store/mutations.spec.ts,0.61,6
src/modules/tender/components/tender-list/__tests__/TenderTableRow.spec.ts,0.61,6
src/modules/assignments/components/assignmentDetailsDialog/OrderDetailsLoadSection.vue,0.61,6
src/modules/tender/classes/tender-details/ContractInfo.ts,0.61,6
src/modules/bids/app/OrderBid.spec.ts,0.61,6
src/modules/bids-deprecated/store/actions.spec.ts,0.61,6
src/modules/bids-deprecated/events/BidEventConsumer.spec.ts,0.61,6
src/modules/bids-deprecated/store/actions.ts,0.61,6
src/modules/assignments/components/AssignmentRow.spec.ts,0.61,6
src/modules/tender/components/tender-list/__tests__/TendersTable.spec.ts,0.61,6
src/modules/orders/components/order-details/__tests__/OrderDetailsPage.spec.ts,0.6,33
src/modules/marketplace/store/getters.ts,0.6,21
src/modules/tender/tender.mocks.ts,0.6,15
src/modules/marketplace/types/serviceTypes.ts,0.6,14
src/modules/marketplace/components/__tests__/Marketplace.spec.ts,0.6,11
src/modules/bids/store/index.ts,0.6,11
src/orchestrator-setup.ts,0.6,11
src/modules/orders/mocks/orders.mock.ts,0.59,37
src/modules/marketplace/components/orders/MarketplaceOrderList.spec.ts,0.59,20
src/modules/assignments/store/actions.ts,0.59,17
src/modules/bids/models/mocks/BidActions.ts,0.59,13
src/modules/orders/types/serviceTypes.ts,0.59,13
src/modules/bids/services/BiddingOrderService.ts,0.59,9
src/modules/bids-deprecated/app/bid-table-cell/OrderListBid.spec.ts,0.59,9
src/modules/filters/components/filter-add/FilterAdd.spec.ts,0.59,9
src/modules/filters/components/filter-add/__tests__/FilterAdd.spec.ts,0.59,9
src/modules/filters/components/common/AddressTypeAhead.vue,0.59,9
src/modules/assignments/components/assignmentDetailsDialog/AssignmentDetailsView.vue,0.59,9
src/common/filter/ListStatusBar.vue,0.59,8
src/modules/orders/components/common/OrderRoute.vue,0.59,8
src/modules/orders/components/common/OrderRouteStop.vue,0.59,8
src/modules/assignments/store/getters.ts,0.59,8
src/modules/marketplace/components/orders/OrderRouteTableCells.vue,0.59,8
src/modules/assignments/store/mutations.ts,0.59,8
src/modules/assignments/components/assignmentDetailsDialog/__tests__/AssignmentDetailsView.spec.ts,0.59,8
src/modules/assignments/types/storeTypes.ts,0.59,8
src/modules/assignments/components/assignmentDetailsDialog/__tests__/OrderDetailsLoadContent.spec.ts,0.59,8
src/common/filter/DateRangePicker.vue,0.59,8
src/common/types/interfaces.ts,0.58,44
src/common/filter/Status.vue,0.58,14
src/modules/marketplace/components/MarketplaceSavedLanes.vue,0.58,13
src/modules/accept-now/app/AcceptNowContent.vue,0.58,10
src/modules/orders/components/order-details/order-next-suggestions/NextLoadSuggestions.vue,0.58,10
src/common/http/errors/GenericServiceErrors.spec.ts,0.58,10
src/modules/orders/store/actions.ts,0.58,10
src/common/filter/__tests__/Status.spec.ts,0.58,10
src/modules/filters/components/filter-details/__tests__/SavedLaneDetails.spec.ts,0.57,12
src/modules/marketplace/constants.ts,0.57,9
src/modules/filters/components/filter-list/__tests__/SavedLaneList.spec.ts,0.57,9
src/modules/assignments/components/orders/ContactTableCell.vue,0.57,9
src/common/components/__tests__/TransportRequestStatusTableCell.spec.ts,0.57,7
src/common/classes/MarketplaceTab.ts,0.57,7
src/common/mocks/sharedData.ts,0.57,7
src/modules/accept-now/app/accept-now-action/AcceptNowAction.spec.ts,0.57,7
src/modules/tender/store/actions.ts,0.57,7
src/modules/bids/app/cancel-bid-dialog/CancelBidDialog.vue,0.57,7
src/common/filter/TypeAheadField.vue,0.57,7
src/modules/bids/app/bid-table-cell/status/OrderListBidStatus.spec.ts,0.57,7
src/common/types/constants.ts,0.57,7
src/modules/assignments/components/orders/__tests__/VehicleTypes.spec.ts,0.57,7
src/modules/orders/services/__tests__/MarketplaceOrderService.spec.ts,0.57,7
src/tracking/helpers.spec.ts,0.57,7
src/common/services/interfaces/IGenericService.ts,0.57,7
src/common/base/mocks.ts,0.56,28
src/modules/marketplace/helpers.ts,0.56,16
src/modules/orders/base/helpers.ts,0.56,14
tsconfig.json,0.56,13
src/modules/marketplace/components/orders/MarketplaceTable.vue,0.56,13
src/modules/bids/services/IBiddingService.ts,0.56,10
src/modules/filters/components/common/__tests__/RadiusAddressWrapper.spec.ts,0.56,5
src/orchestrated/index.ts,0.56,5
src/modules/filters/components/filter-details/FilterComponent.spec.ts,0.56,5
src/modules/accept-now/composition/useAcceptNow.ts,0.56,5
src/modules/orders/components/order-details/order-content/order-load-details/order-route-details/OrderDetailsStops.vue,0.56,5
src/modules/bids/services/mocks/BiddingService.ts,0.56,5
src/modules/orders/types/enums.ts,0.56,5
src/modules/filters/components/filter-bar/BundleOptionsFilterDropdown.vue,0.56,5
integration-tests/readme.md,0.56,5
src/modules/marketplace/components/orders/OrderBundleTableCell.vue,0.56,5
src/modules/filters/components/common/__tests__/DropdownFilter.spec.ts,0.56,5
src/modules/bids/widgets/AcceptNowConfirmDialog.vue,0.56,5
src/modules/filters/components/common/__tests__/RadiusFilter.spec.ts,0.56,5
src/auth.ts,0.56,5
src/common/components/load-stops-list/StopAccordion.vue,0.56,5
src/common/components/load-stops-list/ShowLess.vue,0.56,5
src/modules/orders/store/mutations.ts,0.56,5
src/common/services/interfaces/IGetService.ts,0.56,5
src/modules/accept-now-deprecated/services/AcceptNowService.ts,0.56,5
src/modules/orders/components/order-details/order-next-suggestions/NextLoadSuggestionRow.vue,0.56,5
src/routes.spec.ts,0.56,5
src/modules/next-load-suggestions/app/order-next-suggestions/NextLoadSuggestions.vue,0.56,5
src/modules/accept-now-deprecated/models/accept-now.ts,0.56,5
src/modules/tender/components/tender-details/tender-content/tender-bids/__tests__/TenderPriceBidInput.spec.ts,0.56,5
src/modules/filters/components/__tests__/SavedLanesNoResults.spec.ts,0.56,5
src/modules/tender/components/tender-details/tender-content/__tests__/TenderMap.spec.ts,0.56,5
src/modules/assignments/classes/__tests__/OrderAssignment.spec.ts,0.56,5
src/modules/filters/components/filter-bar/MarketplaceListStatusBar.vue,0.55,22
src/modules/marketplace/segmentEvents.ts,0.55,17
src/App.vue,0.54,46
src/store/types.ts,0.54,22
src/modules/tender/types/interfaces.ts,0.54,14
src/modules/assignments/store/__tests__/actions.spec.ts,0.54,14
src/modules/bids/app/bid-table-cell/OrderListBid.spec.ts,0.54,13
src/modules/orders/store/getters.ts,0.54,12
src/modules/orders/components/order-details/order-content/order-bids/__tests__/PlaceBid.spec.ts,0.54,10
src/modules/orders/components/order-details/order-content/order-load-details/order-route-details/VerticalStepper.vue,0.54,10
src/modules/bids/store/mocks/getters.ts,0.53,8
src/modules/bids/models/index.ts,0.53,8
src/modules/bids/services/errors/BiddingServiceErrors.spec.ts,0.53,8
src/modules/orders/classes/OrderDetailsView.ts,0.53,8
src/modules/marketplace/store/actions-types.ts,0.53,8
src/modules/filters/base/helpers.ts,0.53,8
src/modules/filters/store/getters.ts,0.53,8
src/modules/orders/services/MarketplaceOrderService.spec.ts,0.52,15
src/modules/marketplace/components/orders/__tests__/MarketplaceTable.spec.ts,0.51,12
src/modules/filters/base/dependencies.ts,0.51,12
src/store/mutations.ts,0.51,11
src/modules/filters/components/common/RadiusFilter.vue,0.51,11
src/modules/marketplace/models/mocks/ZeroResultsRecommendedOrders.ts,0.5,15
src/modules/marketplace/components/orders/useZeroResultsRecommendedOrdersHook.spec.ts,0.5,15
src/modules/orders/services/transformers/chartering-transformers.ts,0.5,12
src/modules/orders/services/transformers/marketplace-transformers.ts,0.5,10
src/modules/filters/mocks/savedLanes.mock.ts,0.5,8
src/modules/filters/models/mocks/Filter.ts,0.5,8
src/modules/orders/components/order-details/order-content/order-load-details/OrderDetailsSectionHeadline.vue,0.5,6
src/modules/assignments/components/AssignmentsTableTitles.vue,0.5,6
src/modules/orders/components/order-details/order-content/order-load-details/order-route-details/__tests__/loadStopsList.spec.ts,0.5,6
src/modules/filters/mocks/savedLanes.ts,0.5,6
src/modules/orders/classes/__tests__/OrderDetailsView.spec.ts,0.5,6
src/orchestrated/error-handler.ts,0.5,6
src/modules/assignments/components/orders/OrderSpecificationsTableCell.vue,0.5,6
src/common/segmentEvents.ts,0.5,6
src/orchestrated/router.ts,0.5,6
src/orchestrated/segment.ts,0.5,6
src/modules/orders/components/order-details/order-content/order-load-details/__tests__/OrderDetailsSectionHeadline.spec.ts,0.5,6
src/modules/assignments/services/__tests__/CarrierAssignmentService.spec.ts,0.5,6
src/modules/orders/components/order-details/order-content/order-bids/__tests__/OrderBid.spec.ts,0.5,6
src/modules/assignments/classes/OrderAssignment.ts,0.5,6
src/modules/assignments/components/orders/OrderIdTableCell.vue,0.5,6
src/modules/next-load-suggestions/app/order-next-suggestions/NextLoadSuggestionRow.vue,0.5,6
src/modules/assignments/components/orders/OrderRequirementsTableCell.vue,0.5,6
src/assets/weight-hanging-solid.svg,0.5,4
src/common/types/userPermissions.ts,0.5,4
src/modules/assignments/http/interfaces/IRestService.ts,0.5,4
src/modules/orders/components/order-details/order-footer/__tests__/OrderDetailsFloatingBlock.spec.ts,0.5,4
src/modules/bids/events/BidRepository.ts,0.5,4
src/common/filter/__tests__/DateRangePicker.spec.ts,0.5,4
src/modules/bids/events/mocks/BidRepository.ts,0.5,4
src/modules/bids/app/bid-input/change-bid-condition/OrderChangeBidCondition.vue,0.5,4
src/modules/assignments/common/TableTitlesWrapper.vue,0.5,4
src/modules/assignments/mocks/multiStop.ts,0.5,4
src/modules/assignments/http/interfaces/IGenericService.ts,0.5,4
src/modules/bids/models/mocks/index.ts,0.5,4
src/modules/accept-now/segmentEvents.ts,0.5,4
src/modules/assignments/http/RestService.ts,0.5,4
src/modules/bids/app/bidding-block/accepted-state/AcceptedState.vue,0.5,4
src/modules/bids/app/cta-buttons/CTAButtons.vue,0.5,4
src/modules/assignments/http/custom-errors.ts,0.5,4
src/modules/bids/app/confirm-bid-dialog/ConfirmBidDialog.vue,0.5,4
src/modules/bids/app/bid-input/BidInputWithCondition.spec.ts,0.5,4
src/modules/assignments/http/__tests__/GenericService.spec.ts,0.5,4
src/modules/bids/events/mocks/index.ts,0.5,4
src/modules/filters/components/common/RadiusAddressWrapper.spec.ts,0.5,4
src/modules/bids/app/bidding-block/useBidInAwaitingMatchingConfirmationState.ts,0.5,4
src/modules/filters/models/Filter.ts,0.5,4
src/common/base/helpers.spec.ts,0.5,4
src/modules/design/index.ts,0.5,4
src/modules/assignments/components/assignmentDetailsDialog/OrderDetailsDialogHeadline.vue,0.5,4
src/modules/filters/types/interface.ts,0.5,4
src/modules/assignments/common/Table.vue,0.5,4
src/assets/roundtrip.svg,0.5,4
src/modules/assignments/http/helpers.ts,0.5,4
src/modules/bids/app/bidding-block/bidding-statuses/bid-status/BidStatus.vue,0.5,4
src/modules/bids/app/floating-block/OrderDetailsFloatingBlock.spec.ts,0.5,4
src/modules/assignments/http/GenericService.ts,0.5,4
src/modules/assignments/components/orders/__tests__/OrderSpecificationsTableCell.spec.ts,0.5,4
src/modules/assignments/base/casing.ts,0.5,4
src/modules/orders/components/order-details/order-content/order-bids/UpdateBid.vue,0.5,4
src/modules/assignments/http/enums/apiErrors.ts,0.5,4
src/modules/assignments/components/orders/LoadWeightSpecification.vue,0.5,4
src/modules/assignments/http/interfaces/IRestHeader.ts,0.5,4
src/modules/assignments/http/__tests__/helpers.spec.ts,0.5,4
src/modules/bids/app/index.ts,0.5,4
src/modules/orders/components/order-details/order-content/order-bids/__tests__/UpdateBid.spec.ts,0.5,4
src/modules/assignments/http/interfaces/IGetService.ts,0.5,4
src/modules/filters/components/filter-add/DsfDateRangePicker.spec.ts,0.5,4
src/modules/assignments/http/errors/ErrorService.ts,0.5,4
src/modules/filters/components/filter-add/DsfDateRangePicker.vue,0.5,4
src/modules/assignments/mocks/sennderContact.mock.ts,0.5,4
src/modules/assignments/http/mocks/ServiceHelpers.ts,0.5,4
src/modules/assignments/base/segmentEvents.ts,0.5,4
src/modules/orders/components/order-details/order-content/order-bids/__tests__/OrderChangeBidCondition.spec.ts,0.5,4
src/modules/bids/app/last-bid/LastBid.vue,0.5,4
src/modules/orders/components/order-details/order-content/order-bids/__tests__/BidInputWithCondition.spec.ts,0.5,4
src/modules/tender/classes/tender-details/Capacity.ts,0.5,2
src/modules/assignments/components/table/TableRow.vue,0.5,2
src/modules/marketplace/components/MarketplaceAllLoads.spec.ts,0.5,2
src/common/services/errors/ErrorService.ts,0.5,2
src/common/services/MothershipService.ts,0.5,2
src/modules/accept-now/events/AcceptNowRepository.spec.ts,0.5,2
src/modules/accept-now/events/AcceptNowRepository.ts,0.5,2
src/modules/accept-now/services/mocks/AcceptNowService.ts,0.5,2
src/modules/filters/components/filter-bar/RefreshOrders.spec.ts,0.5,2
src/common/config/links.js,0.5,2
src/modules/accept-now-deprecated/composition/useAcceptNow.ts,0.5,2
.prettierrc,0.5,2
src/modules/accept-now-deprecated/events/AcceptNowEventConsumer.ts,0.5,2
src/styles/variables.scss,0.5,2
microfrontends/ReadMe.md,0.5,2
src/modules/next-load-suggestions-deprecated/app/order-next-suggestions/NextLoadSuggestions.vue,0.5,2
src/modules/accept-now-deprecated/events/AcceptNowEventConsumer.spec.ts,0.5,2
src/modules/Marketplace.vue,0.5,2
src/common/base/notifications.ts,0.5,2
src/modules/filters/filter-add/BundleOptionsFilterDropdown.vue,0.5,2
src/modules/marketplace/components/orders/__tests__/OrderBundleTableCell.spec.ts,0.5,2
src/modules/filters/components/filter-add/DateRangePicker.spec.ts,0.5,2
src/styles/style-variables.scss,0.5,2
src/common/events/SharedDataRepository.spec.ts,0.5,2
src/modules/accept-now/app/accept-now-block/index.ts,0.5,2
src/modules/assignments/components/table/__tests__/TableCell.spec.ts,0.5,2
src/common/compositions/useRoute.ts,0.5,2
microfrontends/index.ts,0.5,2
src/modules/assignments/services/AssignmentService.mock.ts,0.5,2
src/modules/next-load-suggestions/app/order-next-suggestions/AlertModal.vue,0.5,2
src/modules/filters/filter-add/RadiusFilter.vue,0.5,2
src/common/services/errors/RefreshDialogError.ts,0.5,2
src/modules/accept-now/services/mocks/index.ts,0.5,2
src/modules/tender/classes/tender-details/__tests__/VehicleDetails.spec.ts,0.5,2
src/common/components/table/__tests__/Table.spec.ts,0.5,2
src/modules/filters/store/actions.spec.ts,0.5,2
src/coral.d.ts,0.5,2
src/modules/accept-now/models/mocks/index.ts,0.5,2
src/modules/accept-now/composition/useAcceptNow.spec.ts,0.5,2
src/modules/accept-now/events/mocks/AcceptNowRepository.ts,0.5,2
src/modules/filters/components/common/RadiusAddressWrapper.vue,0.5,2
src/modules/next-load-suggestions/featureFlags.ts,0.5,2
renovate.json,0.5,2
src/modules/tender/classes/tender-details/LoadSpecification.ts,0.5,2
src/modules/filters/components/filter-edit/FilterEditDialog.spec.ts,0.5,2
src/filters/responsibility.md,0.5,2
src/modules/next-load-suggestions-deprecated/app/order-next-suggestions/__tests__/AlertModal.spec.ts,0.5,2
src/modules/accept-now-deprecated/app/AcceptNowConfirmDialog.vue,0.5,2
microfrontends/example.ts,0.5,2
src/modules/marketplace/events/MarketplaceEventConsumer.spec.ts,0.5,2
src/modules/accept-now/app/accept-now-action/index.ts,0.5,2
src/modules/accept-now-deprecated/events/AcceptNowRepository.ts,0.5,2
src/sharedData.d.ts,0.5,2
src/modules/tender/classes/tender-details/VehicleDetails.ts,0.5,2
src/modules/filters/filter-add/DropdownFilter.vue,0.5,2
src/store/useStore.ts,0.5,2
src/modules/filters/filter-add/RadiusAddressWrapper.vue,0.5,2
src/modules/marketplace/components/orders/__tests__/OrderSpecificationsTableCell.spec.ts,0.5,2
src/common/components/load-stops-list/RouteStep copy.vue,0.5,2
src/modules/assignments/components/table/TableCell.vue,0.5,2
src/modules/orders/components/common/DayDifferenceExact.vue,0.5,2
src/modules/bids-deprecated/composition/mocks/useBidActions.ts,0.5,2
src/modules/tender/classes/tender-details/LoadDetails.ts,0.5,2
src/modules/next-load-suggestions-deprecated/app/order-next-suggestions/OrderRouteTableCells.vue,0.5,2
src/common/components/RefreshDialog.vue,0.5,2
.eslintrc.js,0.5,2
src/common/components/table/__tests__/TableTitles.spec.ts,0.5,2
src/modules/filters/components/common/VehicleTypesFilter.vue,0.5,2
src/modules/filters/services/errors/SavedLaneServiceErrors.ts,0.5,2
src/modules/marketplace/components/table/__tests__/Table.spec.ts,0.5,2
src/modules/accept-now-deprecated/composition/useAcceptNow.spec.ts,0.5,2
integration-tests/wdio.conf.ts,0.5,2
src/modules/filters/services/errors/SavedLaneServiceErrors.spec.ts,0.5,2
src/modules/tender/featureFlags.ts,0.5,2
src/modules/accept-now-deprecated/app/accept-now-block/useAcceptNowBlock.ts,0.5,2
src/modules/orders/classes/MultiStop.ts,0.5,2
src/modules/next-load-suggestions/app/order-next-suggestions/__tests__/AlertModal.spec.ts,0.5,2
src/common/components/load-stops-list/LineDashedIcon copy.vue,0.5,2
webpack/webpack.e2e.js,0.5,2
src/modules/filters/components/filter-details/FilterMenus.spec.ts,0.5,2
src/modules/tender/classes/tender-details/__tests__/LoadSpecification.spec.ts,0.5,2
src/common/services/mocks/GenericService-mock.ts,0.5,2
src/modules/accept-now-deprecated/events/AcceptNowEvents.ts,0.5,2
src/modules/assignments/components/__tests__/ValidityCounter.spec.ts,0.5,2
src/modules/accept-now-deprecated/events/AcceptNowRepository.spec.ts,0.5,2
src/common/enums/stopTypes.ts,0.5,2
src/modules/tender/components/tender-list/tender-table-row/TenderBidStatus.spec.ts,0.5,2
src/languages.ts,0.5,2
src/common/components/TermsAndConditions.vue,0.5,2
src/modules/filters/filter-add/ResetInputButton.vue,0.5,2
src/modules/filters/components/common/VehicleTypesFilter.spec.ts,0.5,2
src/modules/next-load-suggestions-deprecated/app/order-next-suggestions/NextLoadSuggestionRow.vue,0.5,2
webpack/webpack.mock.js,0.5,2
src/modules/bids/app/bid-details/bid-input/change-bid-condition/OrderChangeBidCondition.spec.ts,0.5,2
src/modules/constants.ts,0.5,2
src/modules/filters/components/filter-details/FilterDetails.spec.ts,0.5,2
src/modules/accept-now/models/index.ts,0.5,2
src/modules/filters/components/filter-list/FiltersCarousel.spec.ts,0.5,2
src/modules/tender/classes/tender-details/__tests__/LoadDetails.spec.ts,0.5,2
src/modules/filters/components/filter-details/FilterMenus.vue,0.5,2
src/common/events/SharedDataRepository.ts,0.5,2
src/modules/transport-offers/services/mocks/LoadService.mock.ts,0.5,2
src/common/types/stopTypes.ts,0.5,2
src/modules/filters/filter-add/Sorting.vue,0.5,2
src/shims-vue.d.ts,0.5,2
microfrontends/loader.ts,0.5,2
src/modules/accept-now/events/mocks/index.ts,0.5,2
src/modules/filters/components/filter-add/DateRangePicker.vue,0.5,2
src/modules/filters/filter-add/MarketplaceListStatusBar.vue,0.5,2
src/modules/bids/app/bid-details/OrderBidBlock.spec.ts,0.5,2
src/common/components/load-stops-list/TimezoneAcronym.spec.ts,0.5,2
src/modules/bids/models/ResponseWrapper.ts,0.5,2
src/shims-tsx.d.ts,0.5,2
webpack/webpack.dev.js,0.5,2
src/modules/assignments/components/table/__tests__/TableRow.spec.ts,0.5,2
src/modules/filters/components/filter-bar/__tests__/Sorting.spec.ts,0.49,13
src/modules/filters/components/filter-details/__tests__/SavedLane.spec.ts,0.49,12
src/modules/filters/services/SavedLaneOrderService.ts,0.49,9
src/modules/bids/app/bidding-block/useCancelBidDialog.ts,0.49,9
src/common/components/TransportRequestStatusTableCell.vue,0.49,9
src/modules/filters/components/filter-list/SavedLaneWithOrders.vue,0.49,9
src/modules/bids/base/helpers.spec.ts,0.49,9
src/common/services/interfaces/IRestService.ts,0.49,9
src/modules/orders/components/order-details/order-content/order-bids/__tests__/ChangeBid.spec.ts,0.49,9
src/modules/filters/store/mutations.ts,0.49,9
src/modules/orders/components/common/AcceptNowConfirmDialog.vue,0.49,9
src/modules/bids/app/bidding-block/useCancelBidDialog.spec.ts,0.49,9
src/modules/orders/components/order-details/order-content/order-load-details/order-route-details/__tests__/OrderDetailsStops.spec.ts,0.49,9
src/modules/orders/components/order-details/order-footer/OrderDetailsFloatingBlock.vue,0.49,7
src/modules/orders/components/order-details/order-content/order-bids/accept-now/AcceptNow.vue,0.49,7
src/modules/filters/services/SavedLaneService.spec.ts,0.49,7
src/modules/assignments/components/orders/OrderLoadDescriptionTableCell.vue,0.49,7
src/common/http/models/mocks/http-client-mock.ts,0.49,7
src/modules/assignments/store/index.ts,0.49,7
src/modules/orders/types/storeTypes.ts,0.49,7
src/modules/filters/types/serviceTypes.ts,0.49,7
src/modules/orders/services/transformers/chartering-transformers.spec.ts,0.48,10
src/modules/orders/services/transformers/marketplace-transformers.spec.ts,0.48,10
src/common/http/axios-client.spec.ts,0.48,10
src/modules/orders/services/transformers/common-transformers.ts,0.48,10
src/modules/bids/store/mocks/index.ts,0.48,5
src/modules/assignments/http/errors/__tests__/GenericServiceErrors.spec.ts,0.48,5
src/modules/orders/components/order-details/order-content/order-mobile/OrderBidBlock.vue,0.48,5
src/modules/transport-offers/services/CarrierLoadService.spec.ts,0.48,5
src/modules/assignments/http/errors/GenericServiceErrors.ts,0.48,5
src/modules/orders/models/mocks/Filter.ts,0.48,5
src/modules/orders/components/order-details/order-content/order-mobile/__tests__/OrderBidBlock.spec.ts,0.48,5
src/modules/orders/components/order-details/order-content/order-bids/ConfirmBidDialog.vue,0.48,5
src/modules/assignments/services/backendClient.ts,0.48,5
src/modules/bids-deprecated/models/mocks/Bid.ts,0.48,5
src/modules/orders/components/order-details/order-content/order-bids/BidInputWithCondition.vue,0.48,5
src/modules/bids/store/mocks/store.ts,0.48,5
src/modules/filters/components/common/index.ts,0.48,5
src/modules/transport-offers/services/CharteringLoadService.ts,0.48,5
src/modules/orders/services/__tests__/BiddingRegularOrderService.spec.ts,0.48,5
src/modules/bids/events/index.ts,0.48,5
src/modules/orders/services/CarrierOrderService.spec.ts,0.48,5
src/modules/assignments/mocks/order.ts,0.48,5
src/styles/style.scss,0.48,5
src/modules/filters/components/common/AddressTypeAhead.spec.ts,0.48,5
src/modules/bids/store/mocks/state.ts,0.48,5
src/common/mocks/loadBundlesMock.ts,0.48,5
src/modules/orders/services/CarrierOrderService.ts,0.48,5
src/modules/assignments/common/__tests__/TableTitlesWrapper.spec.ts,0.48,5
src/modules/bids/tracking/trackBidEvent.spec.ts,0.48,5
src/modules/transport-offers/services/CharteringLoadService.spec.ts,0.48,5
src/tenant-permissions.ts,0.48,5
src/modules/orders/components/order-details/order-content/order-bids/accept-now/__tests__/AcceptNow.spec.ts,0.48,5
src/__tests__/example.spec.ts,0.48,5
src/store/actions.ts,0.47,13
src/common/filter/ResetInputButton.vue,0.47,8
src/modules/filters/services/SavedLaneService.ts,0.47,8
src/modules/transport-offers/services/CarrierLoadService.ts,0.47,8
src/modules/marketplace/base/dependencies.ts,0.46,14
src/common/http/axios-client.ts,0.46,11
src/common/filter/AddressTypeAhead.vue,0.46,10
src/modules/filters/components/filter-add/SavedLaneConfirmDialog.vue,0.46,10
src/modules/assignments/components/orders/VehicleTypes.vue,0.46,10
src/modules/orders/services/MarketplaceClient.ts,0.45,23
src/modules/bids/app/bidding-block/useBiddingBlock.spec.ts,0.45,22
src/modules/filters/components/filter-bar/Status.spec.ts,0.45,7
src/modules/filters/components/filter-bar/Sorting.spec.ts,0.45,7
src/modules/orders/components/order-details/order-header/OrderDetailsPagination.vue,0.45,7
src/modules/transport-offers/services/LoadService.ts,0.45,7
src/modules/marketplace/store/actions.spec.ts,0.44,26
src/modules/filters/components/filter-edit/SavedLaneEditDialog.spec.ts,0.44,6
src/modules/assignments/store/getter-types.ts,0.44,6
src/modules/orders/components/common/__tests__/AcceptNowConfirmDialog.spec.ts,0.44,6
src/modules/filters/components/common/TypeAheadField.vue,0.44,6
src/modules/assignments/store/action-types.ts,0.44,6
src/modules/orders/components/order-details/order-content/order-bids/__tests__/CancelBid.spec.ts,0.44,6
src/modules/assignments/store/mutations-types.ts,0.44,6
src/modules/filters/models/interfaces.ts,0.44,6
src/modules/filters/components/filter-add/__tests__/SavedLaneConfirmDialog.spec.ts,0.44,6
src/logger.ts,0.44,3
src/modules/bids-deprecated/app/bidding-block/bidding-statuses/bid-status/BiddingStatus.spec.ts,0.44,3
src/modules/bids-deprecated/events/BidEvents.ts,0.44,3
src/common/components/TermsAndConditions.spec.ts,0.44,3
src/modules/bids-deprecated/app/bidding-block-actions/BiddingBlockActions.spec.ts,0.44,3
src/modules/orders/components/order-details/order-next-suggestions/AlertModal.vue,0.44,3
src/modules/tender/components/tender-details/tender-content/tender-load-details/HeaderSlot.vue,0.44,3
src/modules/marketplace/components/LoadMore/LoadMore.vue,0.44,3
src/modules/bids/app/bidding-block/accepted-state/AcceptedState.spec.ts,0.44,3
src/modules/bids-deprecated/app/bidding-block/useBidInAcceptedState.spec.ts,0.44,3
src/modules/bids/app/bidding-block/awaiting-matching-confirmation-state/AwaitingMatchingConfirmationState.spec.ts,0.44,3
src/common/components/TableRow.vue,0.44,3
src/modules/marketplace/components/table/Table.vue,0.44,3
src/common/components/load-stops-list/RouteNotes.vue,0.44,3
src/experiments/time-auction/components/TimeAuction.spec.ts,0.44,3
src/modules/marketplace/components/orders/OrderRecommendation.vue,0.44,3
src/common/base/compositions/notifications/usePushNotification.ts,0.44,3
src/common/services/custom-errors.ts,0.44,3
src/common/components/load-stops-list/LoadStopsList.vue,0.44,3
src/modules/transport-offers/feature-flags.ts,0.44,3
src/modules/bids/app/bidding-block/bidding-statuses/index.ts,0.44,3
src/experiments/accept-now/components/NumberOfBids.spec.ts,0.44,3
src/modules/marketplace/components/Marketplace.spec.ts,0.44,3
src/modules/marketplace/models/mocks/Orders.ts,0.44,3
src/modules/assignments/components/__tests__/AssignmentsFilters.spec.ts,0.44,3
src/modules/orders/components/order-details/order-content/order-load-details/order-map/OrderDetailsMapFixedHeight.vue,0.44,3
.prettierignore,0.44,3
src/modules/bids/app/bid-details/floating-block/OrderDetailsFloatingBlock.spec.ts,0.44,3
src/modules/marketplace/events/MarketplaceEventKeys.ts,0.44,3
src/common/http/casing.spec.ts,0.44,3
src/experiments/time-auction/useTimeAuction.ts,0.44,3
src/modules/bids-deprecated/app/bidding-block/bidding-statuses/useBiddingStatus.spec.ts,0.44,3
src/common/base/compositions/notifications/usePushNotification.spec.ts,0.44,3
src/modules/tender/classes/tender-details/__tests__/RouteLocationList.spec.ts,0.44,3
src/modules/bids/app/bidding-block-actions/index.ts,0.44,3
src/experiments/accept-now/components/AcceptNowBanner.spec.ts,0.44,3
src/modules/orders/components/order-details/__tests__/OrderDetailsPageWrapper.ts,0.44,3
src/modules/orders/mocks/loadBundlesMock.ts,0.44,3
src/modules/bids/app/bidding-block/index.ts,0.44,3
src/common/components/TableCell.vue,0.44,3
src/modules/orders/classes/SingleStop.ts,0.44,3
src/modules/orders/components/order-details/order-header/OrderDetailsPagination.spec.ts,0.44,3
src/modules/accept-now/events/index.ts,0.44,3
src/modules/tender/components/tender-details/Loader.vue,0.44,3
src/modules/bids-deprecated/composition/useBidActions.ts,0.44,3
src/modules/bids-deprecated/app/bidding-block/accepted-state/AcceptedState.spec.ts,0.44,3
src/sentry.ts,0.44,3
src/modules/bids-deprecated/app/bidding-block/awaiting-matching-confirmation-state/AwaitingMatchingConfirmationState.spec.ts,0.44,3
src/components/Tenders.vue,0.44,3
src/modules/orders/components/common/__tests__/RouteAddress.spec.ts,0.44,3
src/modules/bids/composition/useAcceptNowNotification/useAcceptNowNotification.ts,0.44,3
src/modules/bids/app/bidding-block/bidding-statuses/bid-status/index.ts,0.44,3
src/common/http/casing.ts,0.44,3
src/common/components/table-plankton/__tests__/TableRow.spec.ts,0.44,3
src/modules/bids/composition/useAcceptNowNotification/useAcceptNowNotification.spec.ts,0.44,3
src/common/config/env.ts,0.44,3
src/experiments/use-auth-v4/featureFlags.ts,0.44,3
src/modules/bids/app/bid-input/change-bid-condition/OrderChangeBidCondition.spec.ts,0.44,3
src/modules/filters/components/filter-list/FilterCard.vue,0.44,3
src/modules/bids/app/bidding-block/awaiting-matching-confirmation-state/index.ts,0.44,3
src/experiments/time-auction/mocks/useTimeAuction.ts,0.44,3
src/modules/tender/components/tender-details/tender-content/tender-load-details/__tests__/HeaderSlot.spec.ts,0.44,3
src/modules/tender/store/getters.ts,0.44,3
src/modules/filters/filter-add/MarketplaceFilters.vue,0.44,3
src/common/services/errors/BiddingServiceErrors.ts,0.44,3
src/modules/next-load-suggestions-deprecated/app/order-next-suggestions/__tests__/NextLoadSuggestions.spec.ts,0.44,3
src/components/OrderDetails.vue,0.44,3
src/modules/bids-deprecated/app/bidding-block/bid-form/useBidForm.spec.ts,0.44,3
src/common/testing/store.ts,0.44,3
src/modules/tender/components/tender-list/TenderTableTitle.vue,0.44,3
src/modules/marketplace/events/MarketplaceEvents.ts,0.44,3
src/modules/marketplace/Marketplace.vue,0.44,3
src/modules/bids/app/bidding-block/bidding-statuses/bid-status/BiddingStatus.spec.ts,0.44,3
src/modules/bids/models/SpotBid.spec.ts,0.44,3
src/modules/tender/components/tender-details/tender-content/TenderRoute.vue,0.44,3
src/modules/bids-deprecated/services/IBiddingService.ts,0.44,3
src/modules/bids-deprecated/services/mocks/BiddingService-mock.ts,0.44,3
src/modules/bids/app/bidding-block/bid-form/index.ts,0.44,3
src/modules/bids/composition/useLowestBidPrice.ts,0.44,3
src/modules/bids-deprecated/composition/useBids.spec.ts,0.44,3
src/modules/bids-deprecated/composition/useBidActions.spec.ts,0.44,3
src/modules/orders/components/order-details/order-content/order-load-details/order-description/OrderDetailsDescription.vue,0.44,3
src/modules/orders/components/order-details/order-content/order-load-details/order-description/OrderDetailsLoadSection.vue,0.44,3
src/components/TenderDetails.vue,0.44,3
src/notifications/notifications.ts,0.44,3
src/common/base/mixins/dataPolling.ts,0.44,3
src/modules/bids-deprecated/app/bid-table-cell/status/OrderListBidStatus.spec.ts,0.44,3
src/modules/bids/app/cancel-bid-dialog/CancelBid.spec.ts,0.44,3
src/modules/accept-now/AcceptNowEvent.ts,0.44,3
src/common/base/casing.ts,0.44,3
src/modules/tender/components/tender-details/__tests__/Loader.spec.ts,0.44,3
src/modules/marketplace/events/MarketplaceEventConsumer.ts,0.44,3
src/experiments/time-auction/useTimeAuction.spec.ts,0.44,3
src/modules/bids/app/bidding-block/CancelBid.spec.ts,0.44,3
src/common/components/RouteBackToButton.spec.ts,0.44,3
src/modules/marketplace/components/MarketplaceTabs.spec.ts,0.44,3
src/modules/bids-deprecated/app/bid-table-cell/OrderListBid.vue,0.44,3
src/modules/tender/components/tender-details/tender-content/tender-load-details/TenderVehicles.vue,0.44,3
src/modules/bids/app/bidding-block/accepted-state/index.ts,0.44,3
src/modules/bids/services/errors/index.ts,0.44,3
src/modules/accept-now/app/index.ts,0.44,3
src/modules/bids-deprecated/composition/useLowestBidPrice.spec.ts,0.44,3
src/experiments/price-guidance/usePriceGuidance.ts,0.44,3
src/modules/bids-deprecated/services/index.ts,0.44,3
src/modules/bids-deprecated/app/bidding-block/bidding-statuses/BiddingStatuses.spec.ts,0.44,3
src/modules/bids/models/RegularBid.spec.ts,0.44,3
src/experiments/time-auction/components/TimeAuction.vue,0.44,3
src/modules/design/components/Accordion.spec.ts,0.44,3
src/modules/tender/classes/tender-details/RouteLocation.ts,0.44,3
src/common/components/load-stops-list/Stop.vue,0.44,3
src/modules/orders/store/__tests__/actions.spec.ts,0.43,11
src/modules/filters/components/filter-bar/Sorting.vue,0.41,16
src/modules/accept-now/events/AcceptNowEvents.ts,0.41,8
src/modules/tender/components/tender-list/tender-table-row/TenderTableCellYourBids.vue,0.41,8
src/modules/filters/components/common/DropdownFilter.vue,0.41,8
src/modules/tender/components/tender-list/__tests__/TenderList.spec.ts,0.41,7
src/store/helpers.ts,0.41,7
src/modules/orders/mocks/NLS-mock.ts,0.41,7
src/modules/bids-deprecated/services/mocks/BiddingClient-mock.ts,0.41,7
src/modules/marketplace/store/mocks/getters.ts,0.41,7
src/modules/bids/events/BidEventKeys.ts,0.41,7
src/modules/orders/services/MarketplaceClient.spec.ts,0.4,22
src/modules/bids/events/BidEvents.ts,0.4,12
.env.e2e,0.4,11
src/modules/bids/events/BidEventConsumer.ts,0.38,13
src/filters/application/use-cases/FilterByPickupLocationUseCase.ts,0.38,8
src/common/filter/__tests__/AddressTypeAhead.spec.ts,0.38,8
src/modules/bids/app/bidding-block/useBidInAwaitingMatchingConfirmationState.spec.ts,0.38,8
src/modules/orders/store/index.ts,0.38,4
src/modules/orders/OrderEvent.ts,0.38,4
src/components/Assignments.vue,0.38,4
src/modules/tender/classes/tender-details/RouteLocationList.ts,0.38,4
src/modules/filters/components/filter-list/__tests__/SavedLaneCarousel.spec.ts,0.38,4
src/modules/filters/components/common/DropdownFilter.spec.ts,0.38,4
src/modules/next-load-suggestions/app/order-next-suggestions/NextLoadSuggestionRow.spec.ts,0.38,4
src/orchestrated/README.md,0.38,4
src/modules/filters/models/mocks/index.ts,0.38,4
Dockerfile.e2e,0.38,4
src/modules/tender/segmentEvents.ts,0.38,4
src/modules/filters/models/serviceTypes.ts,0.38,4
src/modules/filters/components/filter-bar/__tests__/BundleOptionsFilterDropdown.spec.ts,0.38,4
src/modules/filters/types/storeTypes.ts,0.38,4
src/modules/bids-deprecated/events/BidEventConsumer.ts,0.38,4
src/modules/filters/components/filter-add/FilterActions.spec.ts,0.38,4
src/modules/filters/types/enums.ts,0.38,4
src/modules/orders/tracking/OrderDetailsEvents.ts,0.38,4
src/modules/filters/components/filter-list/FilterList.vue,0.38,4
src/modules/filters/components/filter-add/SaveFilterConfirmDialog.spec.ts,0.38,4
src/common/analytics/SegmentObserver.ts,0.38,4
src/modules/filters/models/constants.ts,0.38,4
src/modules/filters/components/filter-details/FilterComponent.vue,0.38,4
src/modules/filters/components/filter-add/FilterActions.vue,0.38,4
src/modules/filters/components/filter-list/SavedLaneList.spec.ts,0.38,4
src/modules/filters/components/filter-list/SavedLaneCarousel.spec.ts,0.38,4
src/modules/filters/components/filter-bar/MarketplaceListStatusBar.spec.ts,0.38,4
src/modules/filters/components/filter-add/SavedLaneConfirmDialog.spec.ts,0.38,4
src/common/components/table-plankton/TableRow.vue,0.38,4
src/modules/tender/components/tender-details/tender-content/TenderMap.vue,0.38,4
src/modules/tender/components/tender-list/tender-table-row/TenderTableCellBidClosing.vue,0.38,4
src/modules/tender/components/tender-details/TenderError.vue,0.38,4
src/modules/filters/components/filter-details/SavedLaneDetails.spec.ts,0.38,4
src/modules/orders/models/mocks/index.ts,0.38,4
src/modules/tender/components/tender-details/TenderDetailsFloatingBlock.vue,0.38,4
src/modules/orders/components/order-details/order-header/LoadBundlesTabs.vue,0.38,4
src/modules/filters/components/filter-bar/__tests__/useSorting.spec.ts,0.38,4
src/modules/orders/components/order-details/order-header/Tooltip.vue,0.38,4
src/modules/filters/components/SavedLanesNoResults.spec.ts,0.38,4
src/modules/orders/components/order-details/order-next-suggestions/OrderRouteTableCells.vue,0.38,4
src/common/compositions/useFeatureFlag.spec.ts,0.38,4
src/modules/orders/services/__tests__/BiddingSpotOrderService.spec.ts,0.38,4
src/common/base/constants.ts,0.38,4
src/modules/orders/services/BiddingSpotOrderService.ts,0.38,4
src/common/components/load-stops-list/VerticalStepper.vue,0.38,4
src/modules/filters/components/filter-list/FilterList.spec.ts,0.38,4
src/modules/filters/models/index.ts,0.38,4
mkdocs.yaml,0.38,4
src/modules/filters/components/filter-details/SavedLane.vue,0.35,15
src/modules/bids/events/BidEventConsumer.spec.ts,0.34,15
src/modules/accept-now/events/AcceptNowEventConsumer.ts,0.34,10
src/modules/marketplace/components/orders/useZeroResultsRecommendedOrdersHook.ts,0.32,16
src/modules/filters/events/FilterEvents.ts,0.32,10
src/modules/accept-now/events/AcceptNowEventKeys.ts,0.32,5
src/common/components/NonAccessPlaceholder.spec.ts,0.32,5
src/store/getters.ts,0.32,5
src/modules/filters/components/filter-details/SavedLane.spec.ts,0.32,5
src/modules/filters/components/filter-bar/ListStatusBar.vue,0.32,5
src/modules/accept-now-deprecated/models/mocks/accept-now-mock.ts,0.32,5
src/modules/filters/components/common/ResetInputButton.vue,0.32,5
src/modules/filters/components/filter-bar/useSorting.spec.ts,0.32,5
src/filters/repositories/FilterRepository.ts,0.32,5
src/modules/bids/services/BiddingCarrierService.ts,0.32,5
src/modules/tender/components/tender-list/TenderList.vue,0.32,5
src/modules/marketplace/tracking/SearchRepository.spec.ts,0.32,5
src/modules/filters/components/filter-edit/__tests__/SavedLaneEditDialog.spec.ts,0.32,5
src/modules/filters/components/filter-bar/__tests__/MarketplaceListStatusBar.spec.ts,0.32,5
src/modules/transport-offers/services/LoadService.spec.ts,0.32,5
src/modules/marketplace/services/MarketplaceOrderService.ts,0.32,5
src/common/filter/__tests__/DsfDateRangePicker.spec.ts,0.32,5
src/modules/filters/models/storeTypes.ts,0.32,5
src/common/filter/DsfDateRangePicker.vue,0.32,5
src/modules/filters/models/enums.ts,0.32,5
src/modules/filters/models/mocks/savedLanes.mock.ts,0.32,5
src/modules/filters/events/FilterEventConsumer.spec.ts,0.3,11
src/modules/filters/events/FilterEventConsumer.ts,0.3,11
src/modules/accept-now/events/AcceptNowEventConsumer.spec.ts,0.29,12
src/modules/filters/components/SavedLanes.vue,0.29,12
src/filters/services/RouterService.ts,0.28,6
src/modules/filters/store/index.ts,0.28,6
src/common/http/errors/GenericServiceErrors.ts,0.28,6
src/marketplace.ts,0.28,6
src/modules/marketplace/tracking/mocks/SearchRepository.ts,0.28,6
src/filters/application/useFilters.ts,0.26,13
src/modules/filters/components/SavedLanesNoResults.vue,0.24,7
src/modules/marketplace/tracking/SearchRepository.ts,0.24,7
src/modules/orders/events/OrderRepository.spec.ts,0.24,7
src/modules/filters/components/filter-list/SavedLanesCarousel.vue,0.24,7
src/modules/filters/components/filter-bar/useSorting.ts,0.24,7
src/modules/orders/base/__tests__/helpers.spec.ts,0.24,7
src/modules/filters/components/filter-bar/Status.vue,0.24,7
src/filters/application/use-cases/FilterByDropOffLocationUseCase.ts,0.22,8
src/filters/application/use-cases/FilterByVehicleTypeUseCase.ts,0.22,8
src/modules/filters/segmentEvents.ts,0.22,8
src/modules/orders/events/mocks/OrderRepository.ts,0.2,9
src/modules/orders/events/OrderRepository.ts,0.2,9
src/modules/orders/components/order-details/order-content/order-bids/CancelBidDialog.vue,0.2,9
src/modules/filters/types/interfaces.ts,0.18,10
src/modules/orders/tracking/OrderListEvents.ts,0.14,13
src/modules/orders/events/OrderEvents.ts,0.091,21
src/modules/orders/events/OrderEventConsumer.spec.ts,0.091,21
src/modules/orders/events/OrderEventConsumer.ts,0.0,17
src/modules/orders/mocks/MarketplaceClient.mock.ts,0.0,9
src/modules/accept-now/tracking/AcceptNowEventConsumer.ts,0.0,9
src/modules/orders/components/order-details/order-content/order-load-details/order-map/OrderDetailsMap.vue,0.0,9
src/filters/application/ports.ts,0.0,9
Dockerfile,0.0,8
src/modules/bids/tracking/BidEventConsumer.ts,0.0,8
src/modules/bids/tracking/BidEvents.ts,0.0,8
src/modules/accept-now/tracking/AcceptNowEvents.ts,0.0,8
src/experiments/accept-now/useAcceptNowExperiment.spec.ts,0.0,7
src/experiments/accept-now/useAcceptNowExperiment.ts,0.0,6
src/common/compositions/index.ts,0.0,6
src/events/EventBus.ts,0.0,6
src/modules/bids/tracking/index.ts,0.0,6
src/modules/orders/events/OrderEventKeys.ts,0.0,6
src/events/trackCustomEvent.spec.ts,0.0,5
src/experiments/accept-now/VariantA.ts,0.0,5
src/filters/application/use-cases/FilterLocationSearchUseCase.ts,0.0,5
src/modules/filters/events/FilterEventKeys.ts,0.0,5
src/experiments/accept-now/ControlGroup.ts,0.0,5
src/orchestrated/interface.ts,0.0,5
src/experiments/accept-now/mocks/useAcceptNowExperiment.ts,0.0,5
src/modules/filters/components/filter-list/SavedLaneList.vue,0.0,5
src/filters/di/index.ts,0.0,4
src/experiments/accept-now/ExperimentVariation.ts,0.0,4
src/modules/tender/components/tender-list/TendersTableEmpty.vue,0.0,4
src/modules/bids/services/BiddingCarrierService.spec.ts,0.0,4
src/modules/orders/classes/SpotBid.ts,0.0,4
src/modules/orders/services/BiddingOrderService.ts,0.0,4
src/modules/orders/tracking/mocks/OrderRepository.ts,0.0,4
src/modules/bids/services/BiddingCharteringService.spec.ts,0.0,4
src/modules/bids-deprecated/services/BiddingLegacyOrderService.spec.ts,0.0,4
src/modules/orders/tracking/index.ts,0.0,4
src/layouts/MainLayout.vue,0.0,4
src/modules/orders/tracking/mocks/index.ts,0.0,4
src/modules/bids/services/BiddingCharteringService.ts,0.0,4
src/filters/application/useFilters.spec.ts,0.0,4
src/events/mocks/EventBus.ts,0.0,4
src/events/mocks/TestEvent.ts,0.0,4
src/events/trackCustomEvent.ts,0.0,4
src/modules/bids/tracking/BidEventConsumer.spec.ts,0.0,4
src/filters/application/use-cases/FilterLocationSearchUseCase.spec.ts,0.0,4
src/modules/bids/services/BiddingService.ts,0.0,4
src/event/EventBus.ts,0.0,4
src/modules/bids/tracking/BidEventBusEvents.ts,0.0,4
src/common/mocks/vehicleTypes.mock.ts,0.0,3
src/modules/tender/components/tender-details/tender-content/tender-bids/TenderPriceBidInput.vue,0.0,3
src/modules/bids-deprecated/services/BiddingLegacyOrderService.ts,0.0,3
src/modules/bids/tracking/BidRepository.ts,0.0,3
src/modules/savedLanes/mocks/savedLanes.ts,0.0,3
src/modules/accept-now/tracking/AcceptNowEventKeys.ts,0.0,3
src/common/shell/di/index.ts,0.0,3
src/application/displayTruckLoads.spec.ts,0.0,3
src/modules/savedLanes/types/serviceTypes.ts,0.0,3
src/events/index.ts,0.0,3
src/modules/marketplace/models/mocks/index.ts,0.0,3
src/modules/design/components/Accordion.vue,0.0,3
src/modules/bids/tracking/BiddingEventKeys.ts,0.0,3
src/experiments/accept-now/VariantB.ts,0.0,3
src/filters/application/use-cases/FilterDropOffRadiusUseCase.ts,0.0,3
src/modules/savedLanes/components/SavedLaneList.vue,0.0,3
src/modules/tender/components/tender-details/tender-header/__tests__/DetailsHeader.spec.ts,0.0,3
src/common/http/mocks/http-client.mocks.ts,0.0,3
src/filters/application/use-cases/FilterPickupRadiusUseCase.ts,0.0,3
src/event/EventBus.spec.ts,0.0,3
src/modules/savedLanes/components/__tests__/SavedLaneDetails.spec.ts,0.0,3
src/modules/savedLanes/services/SavedLaneOrderService.ts,0.0,3
src/modules/orders/components/order-details/order-content/order-bids/LastBid.vue,0.0,3
src/modules/orders/classes/__tests__/SpotBid.spec.ts,0.0,3
src/common/compositions/useDomesticCarrier.ts,0.0,3
src/modules/savedLanes/store/actions.ts,0.0,3
src/common/di/container.ts,0.0,3
src/event-tracking/index.ts,0.0,3
src/application/ports.ts,0.0,3
src/services/TruckLoadStorage.ts,0.0,3
src/modules/marketplace/di/index.ts,0.0,3
src/modules/savedLanes/components/SavedLaneWithOrders.vue,0.0,3
src/filters/application/index.ts,0.0,3
src/modules/savedLanes/components/__tests__/MarketplaceSavedLanes.spec.ts,0.0,3
src/modules/marketplace/components/orders/OrderSpecificationsTableCell.vue,0.0,3
webpack/dev-config.js,0.0,3
src/modules/tender/components/tender-details/tender-header/DetailsHeader.vue,0.0,3
src/modules/orders/components/order-details/OrderDetailsRefreshDialog.vue,0.0,3
src/modules/tender/components/tender-details/tender-header/BackButton.vue,0.0,3
src/common/compositions/useFeatureFlag.ts,0.0,3
src/modules/accept-now/tracking/index.ts,0.0,3
src/experiments/accept-now/components/AcceptNowBanner.vue,0.0,3
src/filters/application/use-cases/LocationUseCase.ts,0.0,3
src/modules/orders/components/order-details/order-content/order-bids/CTAButtons.vue,0.0,3
src/modules/orders/classes/RegularBid.ts,0.0,3
src/modules/filters/components/filter-add/SaveFilterConfirmDialog.vue,0.0,3
src/modules/tender/components/tender-details/tender-header/TenderHeader.vue,0.0,3
src/event-tracking/mocks/EventBus.ts,0.0,3
src/modules/orders/tracking/OrderRepository.ts,0.0,3
src/event/index.ts,0.0,3
src/application/displayTruckloads.ts,0.0,3
src/modules/savedLanes/components/SavedLaneEditDialog.vue,0.0,3
src/common/services/helpers.ts,0.0,3
src/common/services/mocks/ServiceHelpers.ts,0.0,3
src/modules/marketplace/components/orders/useRecommendedLoads.ts,0.0,3
src/modules/tender/components/tender-details/tender-header/__tests__/BackButton.spec.ts,0.0,3
src/modules/orders/components/order-details/order-content/order-load-details/order-route-details/LoadStopsList.vue,0.0,3
src/modules/tender/components/tender-details/tender-content/tender-bids/TenderWeekLoadChooser.vue,0.0,3
src/event-tracking/EventBus.ts,0.0,3
src/modules/marketplace/components/orders/OrderPalletExchangeTableCell.vue,0.0,3
src/modules/filters/store/action-types.ts,0.0,3
src/modules/tender/components/tender-details/tender-header/__tests__/TenderHeader.spec.ts,0.0,3
src/modules/savedLanes/segmentEvents.ts,0.0,3
src/modules/orders/classes/BidCondition.ts,0.0,3
src/modules/orders/components/order-details/order-content/order-bids/OrderChangeBidCondition.vue,0.0,3
src/modules/savedLanes/components/SavedLane.vue,0.0,3
src/common/components/table/TableCell.vue,0.0,3
src/modules/orders/classes/__tests__/BidCondition.spec.ts,0.0,3
src/modules/savedLanes/base/dependencies.ts,0.0,3
src/modules/savedLanes/components/SavedLaneDetails.vue,0.0,3
src/modules/marketplace/components/orders/useRecommendedLoads.spec.ts,0.0,3
src/common/services/__tests__/helpers.spec.ts,0.0,3
src/events/EventBus.spec.ts,0.0,3
src/modules/bids-deprecated/app/bidding-block/bidding-statuses/index.ts,0.0,2
src/modules/bids-deprecated/app/bidding-block/accepted-state/index.ts,0.0,2
src/common/enums/biddingApiErrors.ts,0.0,2
src/filters/services/FilterRepository.ts,0.0,2
src/filters/services/FilterStorageService.ts,0.0,2
src/common/services/interfaces/IRestHeader.ts,0.0,2
src/modules/savedLanes/components/MarketplaceSavedLanes.vue,0.0,2
src/modules/bids-deprecated/app/bidding-block/awaiting-matching-confirmation-state/index.ts,0.0,2
src/modules/savedLanes/types/interfaces.ts,0.0,2
src/modules/bids-deprecated/composition/useBids.ts,0.0,2
src/types/custom.d.ts,0.0,2
src/modules/bids-deprecated/app/bidding-block/bid-form/useBidForm.ts,0.0,2
src/modules/bids-deprecated/store/getters.ts,0.0,2
src/modules/bids/tracking/BidEventTracker.ts,0.0,2
src/common/components/load-stops-list/RouteStep.vue,0.0,2
src/common/components/load-stops-list/LineDashedIcon.vue,0.0,2
src/modules/bids-deprecated/events/BidEventKeys.ts,0.0,2
src/modules/orders/components/order-details/order-content/order-bids/__tests__/UpdateBidWrapper.ts,0.0,2
src/modules/savedLanes/store/getter-types.ts,0.0,2
src/common/components/load-stops-list/EllipseIcon.vue,0.0,2
src/modules/bids/app/bidding-block/bid-input/BidInputWithCondition.spec.ts,0.0,2
src/modules/marketplace/classes/MarketplaceTab.ts,0.0,2
src/common/services/BiddingService.ts,0.0,2
src/experiments/accept-now/VariantC.ts,0.0,2
src/modules/orders/events/index.ts,0.0,2
src/modules/tender/components/tender-list/tender-table-row/TenderTableCellVehicleTypes.vue,0.0,2
src/modules/bids-deprecated/app/bidding-block/bid-form/index.ts,0.0,2
src/modules/readme.md,0.0,2
src/events/mocks/index.ts,0.0,2
src/modules/bids-deprecated/services/errors/index.ts,0.0,2
src/experiments/accept-now/components/NumberOfBids.vue,0.0,2
src/modules/bids-deprecated/base/helpers.spec.ts,0.0,2
src/common/compositions/mocks/useFeatureFlag-mock.ts,0.0,2
src/modules/bids-deprecated/models/mocks/index.ts,0.0,2
src/modules/savedLanes/components/common/DropdownFilter.vue,0.0,2
src/modules/savedLanes/components/common/__tests__/RadiusAddressWrapper.spec.ts,0.0,2
src/modules/tender/components/tender-details/tender-content/tender-bids/TenderBidChangeDialog.vue,0.0,2
src/common/components/table/TableRow.vue,0.0,2
src/modules/bids-deprecated/app/bidding-block/useBidInAwaitingMatchingConfirmationState.ts,0.0,2
src/modules/tender/components/tender-list/tender-table-row/TenderTableCellOriginDestination.vue,0.0,2
src/modules/orders/base/eventBus.ts,0.0,2
src/modules/bids/app/bidding-block/useBiddingStatuses.ts,0.0,2
src/modules/bids-deprecated/app/bidding-block/awaiting-matching-confirmation-state/AwaitingMatchingConfirmationState.vue,0.0,2
src/modules/bids-deprecated/store/mutations.ts,0.0,2
src/event/EventTracker.spec.ts,0.0,2
src/modules/tender/services/TenerService.spec.ts,0.0,2
src/common/components/table-plankton/__tests__/TableCell.spec.ts,0.0,2
src/modules/savedLanes/components/__tests__/SavedLaneCarousel.spec.ts,0.0,2
src/modules/orders/base/constants.ts,0.0,2
src/modules/bids-deprecated/app/bidding-block/useCancelBidDialog.ts,0.0,2
src/modules/bids-deprecated/app/bidding-block/bidding-statuses/BiddingStatuses.vue,0.0,2
src/modules/savedLanes/components/SavedLanesNoResults.vue,0.0,2
src/modules/bids-deprecated/app/bid-table-cell/status/useBidStatus.spec.ts,0.0,2
src/components/About.vue,0.0,2
src/modules/savedLanes/components/common/__tests__/DropdownFilter.spec.ts,0.0,2
src/modules/bids/app/bidding-block/bid-input/change-bid-condition/OrderChangeBidCondition.spec.ts,0.0,2
src/common/http/errors/custom-errors.ts,0.0,2
src/modules/orders/components/order-details/order-content/order-load-details/order-route-details/__tests__/RouteStep.spec.ts,0.0,2
src/modules/bids/app/bidding-block/cta-buttons/CTAButtons.vue,0.0,2
src/modules/savedLanes/store/mutations.ts,0.0,2
src/modules/bids-deprecated/services/errors/BiddingServiceErrors.spec.ts,0.0,2
src/modules/bids-deprecated/store/mocks/getters.ts,0.0,2
src/modules/bids-deprecated/services/mocks/index.ts,0.0,2
src/modules/bids-deprecated/events/index.ts,0.0,2
src/modules/bids/tracking/mocks/index.ts,0.0,2
src/modules/savedLanes/components/common/__tests__/RadiusFilter.spec.ts,0.0,2
src/modules/design/components/FallbackFetchAgain.vue,0.0,2
src/modules/savedLanes/types/enums.ts,0.0,2
src/modules/savedLanes/store/action-types.ts,0.0,2
src/modules/filters/events/index.ts,0.0,2
src/common/env.ts,0.0,2
src/marketplace-shared-data.ts,0.0,2
src/modules/savedLanes/components/common/RadiusAddressWrapper.vue,0.0,2
src/common/components/BackButton.spec.ts,0.0,2
src/assets/svgs/roundtrip.svg,0.0,2
src/modules/tender/services/TenderService.spec.ts,0.0,2
src/common/components/RouteBackToButton.vue,0.0,2
src/event/EventTracker.ts,0.0,2
src/modules/bids/events/BidEventBusEvents.ts,0.0,2
src/events/AmplitudeEvent.ts,0.0,2
src/modules/bids-deprecated/app/bidding-block/bidding-statuses/useBiddingStatus.ts,0.0,2
src/filters/application/use-cases/FilterByLocationUseCase.ts,0.0,2
src/common/services/MarketplaceService.ts,0.0,2
src/modules/filters/components/filter-bar/RefreshOrders.vue,0.0,2
src/modules/orders/events/mocks/index.ts,0.0,2
src/common/services/SennderContactService.ts,0.0,2
src/modules/savedLanes/components/SavedLaneConfirmDialog.vue,0.0,2
src/services/TruckLoadQuery.ts,0.0,2
src/modules/savedLanes/components/__tests__/SavedLane.spec.ts,0.0,2
src/modules/bids-deprecated/store/mutations.spec.ts,0.0,2
src/modules/bids-deprecated/composition/index.ts,0.0,2
src/modules/bids-deprecated/store/getters.spec.ts,0.0,2
src/modules/bids-deprecated/app/bidding-block/bidding-statuses/bid-status/index.ts,0.0,2
src/modules/orders/classes/__tests__/RegularBid.spec.ts,0.0,2
src/modules/bids-deprecated/models/BidCondition.spec.ts,0.0,2
src/modules/tender/components/tender-details/tender-content/tender-load-details/TenderSpecifications.vue,0.0,2
src/modules/orders/components/common/RouteAddress.vue,0.0,2
src/event/TrackingEvent.ts,0.0,2
src/modules/bids-deprecated/app/bid-table-cell/status/useBidStatus.ts,0.0,2
src/modules/tender/components/tender-details/tender-content/tender-load-details/TenderRequirements.vue,0.0,2
src/modules/filters/components/MarketplaceFilters.vue,0.0,2
src/modules/tender/services/TenderClient.spec.ts,0.0,2
src/modules/savedLanes/components/MarketplaceFilters.vue,0.0,2
src/modules/bids-deprecated/events/mocks/index.ts,0.0,2
src/modules/savedLanes/components/__tests__/SavedLanesNoResults.spec.ts,0.0,2
src/experiments/accept-now/components/NumberOfBidsHeader.vue,0.0,2
src/modules/filters/store/mocks/getters.ts,0.0,2
src/modules/bids/tracking/mocks/BidEventConsumer.ts,0.0,2
src/common/services/enums/apiErrors.ts,0.0,2
src/common/compositions/useUrlQueryParams.ts,0.0,2
src/modules/bids-deprecated/app/bidding-block/index.ts,0.0,2
src/modules/bids-deprecated/app/bidding-block/useCancelBidDialog.spec.ts,0.0,2
src/modules/bids/app/bidding-block/PlaceBid.spec.ts,0.0,2
src/event/mocks/TestEvent.ts,0.0,2
src/modules/savedLanes/types/storeTypes.ts,0.0,2
src/modules/orders/components/order-details/order-header/__tests__/LoadBundlesTabs.spec.ts,0.0,2
src/common/scripts/constants.ts,0.0,2
src/modules/savedLanes/base/helpers.ts,0.0,2
src/modules/filters/store/getter-types.ts,0.0,2
src/domain/services/SearchRepository.ts,0.0,2
src/modules/bids-deprecated/app/bidding-block-actions/BiddingBlockActions.vue,0.0,2
src/common/services/errors/__tests__/BiddingServiceErrors.spec.ts,0.0,2
src/modules/tender/services/TenderClient.ts,0.0,2
src/common/components/table/Table.vue,0.0,2
src/modules/bids/tracking/mocks/BidRepository.ts,0.0,2
src/modules/bids-deprecated/events/BidRepository.ts,0.0,2
src/modules/bids-deprecated/composition/useLowestBidPrice.ts,0.0,2
src/common/components/table-plankton/TableCell.vue,0.0,2
src/modules/marketplace/tracking/mocks/index.ts,0.0,2
src/components/Home.vue,0.0,2
src/modules/marketplace/store/mocks/state.ts,0.0,2
src/common/mocks/rootstore.mock.ts,0.0,2
src/modules/bids-deprecated/models/index.ts,0.0,2
rspack/rspack.config.js,0.0,2
src/common/components/MapPlaceholder.vue,0.0,2
src/modules/savedLanes/components/common/RadiusFilter.vue,0.0,2
src/modules/savedLanes/types/helpers.ts,0.0,2
src/event/mocks/EventBus.ts,0.0,2
src/modules/bids-deprecated/store/mocks/state.ts,0.0,2
src/modules/savedLanes/store/mutations-types.ts,0.0,2
src/modules/accept-now/tracking/mocks/AcceptNowEventConsumer.ts,0.0,2
src/components/Marketplace.vue,0.0,2
src/application/ApplicationFactory.ts,0.0,2
src/modules/bids-deprecated/app/bidding-block-actions/index.ts,0.0,2
src/experiments/accept-now/featureFlags.ts,0.0,2
src/modules/bids-deprecated/app/bidding-block/accepted-state/AcceptedState.vue,0.0,2
src/layouts/PageContent.vue,0.0,2
src/modules/bids/app/bidding-block/useBiddingStatuses.spec.ts,0.0,2
src/modules/orders/featureFlags.ts,0.0,2
src/modules/bids-deprecated/store/mocks/store.ts,0.0,2
src/common/scripts/helpers.ts,0.0,2
src/bootstrap-local-config.ts,0.0,2
src/event/mocks/index.ts,0.0,2
src/modules/savedLanes/store/getters.ts,0.0,2
src/modules/savedLanes/components/SavedLanesCarousel.vue,0.0,2
src/architecture-vision/UseCases/PlaceBidUse.ts,0.0,2
src/modules/marketplace/components/orders/complementary-loads/ComplementaryLoads.spec.ts,0.0,2
src/services/UIErrorService.ts,0.0,2
src/event/trackCustomEvent.ts,0.0,2
src/common/services/MothershipLocations.ts,0.0,2
src/modules/bids-deprecated/featureFlags.ts,0.0,2
src/event/trackCustomEvent.spec.ts,0.0,2
src/modules/orders/components/order-details/order-content/order-load-details/order-route-details/__tests__/RouteNotes.spec.ts,0.0,2
src/modules/bids-deprecated/models/mocks/ResponseWrapper.ts,0.0,2
src/modules/bids-deprecated/store/mocks/index.ts,0.0,2
src/modules/filters/services/SavedLaneOrderService.spec.ts,0.0,2
src/events/TrackingEvent.ts,0.0,2
src/modules/bids-deprecated/models/BidCondition.ts,0.0,2
src/modules/bids-deprecated/app/bidding-block/useBidInAcceptedState.ts,0.0,2
src/modules/bids/app/bidding-block/ChangeBid.spec.ts,0.0,2
src/modules/tender/store/index.ts,0.0,2
src/modules/assignments/Assignments.vue,0.0,2
src/modules/tender/components/tender-list/tender-table-row/TenderTableCellWeeklyVolume.vue,0.0,2
src/modules/bids-deprecated/app/index.ts,0.0,2
src/common/services/SavedLanesService.ts,0.0,2
src/modules/bids-deprecated/events/mocks/BidRepository.ts,0.0,2
src/modules/filters/store/mutations-types.ts,0.0,2
src/modules/tender/components/tender-list/tender-table-row/TenderTableRow.vue,0.0,2
src/modules/bids-deprecated/app/bidding-block/useBidInAwaitingMatchingConfirmationState.spec.ts,0.0,2
src/modules/marketplace/classes/BidCondition.ts,0.0,2
src/modules/bids-deprecated/app/bidding-block/confirm-bid-dialog/ConfirmBidDialog.vue,0.0,2
src/modules/savedLanes/store/index.ts,0.0,2
src/styles/coral-fixed.css,0.0,2
.editorconfig,0.0,2
src/modules/accept-now/tracking/mocks/index.ts,0.0,2
src/modules/bids-deprecated/app/bid-table-cell/status/OrderListBidStatus.vue,0.0,2
src/modules/bids-deprecated/store/index.ts,0.0,2
src/modules/design/components/FloatingBlockOnScroll.vue,0.0,2
src/common/featureFlags.ts,0.0,2
src/modules/bids-deprecated/base/helpers.ts,0.0,2
src/modules/bids-deprecated/app/bidding-block/bidding-statuses/bid-status/BidStatus.vue,0.0,2
.npmrc,0.0,1
src/modules/tender/services/errors/TenderServiceError.spec.ts,0.0,1
src/modules/filters/services/errors/FilterServiceErrors.ts,0.0,1
src/modules/accept-now/events/AcceptNowEventBusEvents.ts,0.0,1
src/assets/svgs/destination_arrow.svg,0.0,1
src/marketplace/domain/services/SearchRepository.ts,0.0,1
src/modules/design/components/Loader.vue,0.0,1
src/experiments/time-auction/featureFlags.ts,0.0,1
src/modules/transport-offers/mocks/index.ts,0.0,1
webpack/moduleFederationConfig.js,0.0,1
src/modules/transport-offers/models/index.ts,0.0,1
src/styles/fonts.scss,0.0,1
src/modules/transport-offers/detail/components/index.ts,0.0,1
src/modules/filters/services/FilterService.ts,0.0,1
src/modules/filters/services/errors/FilterServiceErrors.spec.ts,0.0,1
src/common/components/table/__tests__/TableCell.spec.ts,0.0,1
src/modules/transport-offers/list/store/index.ts,0.0,1
src/marketplace/application/displayTruckloads.ts,0.0,1
src/assets/svgs/destination_arrow_long.svg,0.0,1
src/modules/marketplace/components/orders/complementary-loads/composition/index.ts,0.0,1
src/modules/tender/services/errors/TenderServiceError.ts,0.0,1
src/modules/accept-now-deprecated/models/mocks/index.ts,0.0,1
src/types/shims-vue.d.ts,0.0,1
src/common/services/readme.md,0.0,1
src/filters/ui/useFilters.ts,0.0,1
src/modules/orders/classes/DayDifferenceExact.ts,0.0,1
src/common/compositions/useInterval.spec.ts,0.0,1
src/modules/marketplace/components/orders/complementary-loads/ComplementaryLoads.vue,0.0,1
src/modules/accept-now-deprecated/composition/useAcceptNowNotification.spec.ts,0.0,1
src/modules/next-load-suggestions-deprecated/featureFlags.ts,0.0,1
src/experiments/time-auction/components/TimeAuctionHeader.vue,0.0,1
src/modules/marketplace/readme.md,0.0,1
src/modules/accept-now-deprecated/app/accept-now-action/index.ts,0.0,1
nginx.conf,0.0,1
src/common/compositions/useSmartBanner.ts,0.0,1
src/modules/accept-now-deprecated/events/AcceptNowEventKeys.ts,0.0,1
src/modules/filters/store/mutation.spec.ts,0.0,1
src/integrations/datadog.ts,0.0,1
src/common/services/RouterRepository.ts,0.0,1
src/modules/bids/services/BiddingService.spec.ts,0.0,1
src/common/components/load-stops-list/TimezoneAcronym.vue,0.0,1
src/modules/filters/components/filter-list/FiltersCarousel.vue,0.0,1
src/common/http/errors/mocks/axios-error-mock.ts,0.0,1
src/modules/marketplace/store/mocks/index.ts,0.0,1
src/modules/transport-offers/detail/store/index.ts,0.0,1
src/modules/orders/classes/__tests__/MultiStop.spec.ts,0.0,1
src/marketplace/services/TruckLoadStorage.ts,0.0,1
src/common/readme.md,0.0,1
src/modules/orders/components/order-details/order-not-ready/index.ts,0.0,1
src/assets/pngs/no-route-map-placeholder.png,0.0,1
src/assets/svgs/no-saved-lanes.svg,0.0,1
.prettierrc.json,0.0,1
src/modules/transport-offers/services/index.ts,0.0,1
src/modules/filters/store/getters.spec.ts,0.0,1
src/types/shims-tsx.d.ts,0.0,1
src/modules/accept-now-deprecated/featureFlags.ts,0.0,1
src/modules/orders/store/__tests__/mutations.spec.ts,0.0,1
src/modules/accept-now-deprecated/app/useAcceptNowConfirm.ts,0.0,1
src/common/application/ports.ts,0.0,1
src/modules/marketplace/components/orders/complementary-loads/composition/useComplementaryLoads.spec.ts,0.0,1
src/modules/bids/components/.gitkeep,0.0,1
src/marketplace/application/displayTruckLoads.spec.ts,0.0,1
src/assets/svgs/check_mark.svg,0.0,1
src/modules/config/.gitkeep,0.0,1
src/common/components/table/__tests__/TableRow.spec.ts,0.0,1
src/filters/di/container.ts,0.0,1
src/di/container.ts,0.0,1
src/notifications/notifications.spec.ts,0.0,1
src/modules/accept-now-deprecated/app/index.ts,0.0,1
Makefile,0.0,1
src/marketplace/services/TruckLoadQuery.ts,0.0,1
src/modules/orders/store/__tests__/getter.spec.ts,0.0,1
src/modules/currencies/currencies.ts,0.0,1
src/modules/notifications/compositions/usePushNotification.spec.ts,0.0,1
src/modules/marketplace/store/mocks/store.ts,0.0,1
src/modules/currencies/formatCurrency.ts,0.0,1
src/modules/tender/styles/responsive.scss,0.0,1
src/modules/filters/services/mocks/SavedLaneClient-mock.ts,0.0,1
src/modules/notifications/compositions/usePushNotification.ts,0.0,1
src/common/components/index.ts,0.0,1
src/modules/filters/services/mocks/index.ts,0.0,1
src/common/types/feature-flags.ts,0.0,1
src/modules/orders/components/order-details/order-not-ready/OrderNotReady.vue,0.0,1
webpack/webpack.stg.js,0.0,1
src/modules/marketplace/components/orders/complementary-loads/ComplementaryLoadsHeader.vue,0.0,1
src/modules/design/components/BlockWithBorder.vue,0.0,1
src/modules/marketplace/di/container.ts,0.0,1
src/modules/filters/models/filter-mappers.ts,0.0,1
src/modules/transport-offers/list/components/index.ts,0.0,1
src/modules/marketplace/components/orders/complementary-loads/composition/useComplementaryLoads.ts,0.0,1
src/modules/filters/components/filter-add/useSavedFilters.ts,0.0,1
src/marketplace/application/ports.ts,0.0,1
src/modules/accept-now-deprecated/events/mocks/AcceptNowRepository.ts,0.0,1
src/common/filter/readme.md,0.0,1
src/common/compositions/useInterval.ts,0.0,1
src/assets/palette_with_boxes.svg,0.0,1
src/modules/filters/components/filter-add/responsibility.md,0.0,1
src/modules/marketplace/store/mutations.spec.ts,0.0,1
src/experiments/price-guidance/components/PriceGuidanceBanner.vue,0.0,1
src/common/http/request-manager.spec.ts,0.0,1
src/modules/next-load-suggestions-deprecated/app/order-next-suggestions/AlertModal.vue,0.0,1
src/languages/readme.md,0.0,1
src/modules/transport-offers/services/mocks/index.ts,0.0,1
src/common/http/loggers/index.ts,0.0,1
src/common/http/mocks/index.ts,0.0,1
src/modules/accept-now-deprecated/models/index.ts,0.0,1
src/modules/notifications/index.ts,0.0,1
.eslintrc.json,0.0,1
src/common/compositions/useSmartBanner.spec.ts,0.0,1
src/modules/accept-now-deprecated/composition/useAcceptNowNotification.ts,0.0,1
src/marketplace/services/UIErrorService.ts,0.0,1
src/modules/marketplace/components/orders/complementary-loads/composition/mocks/useComplementary.mocks.ts,0.0,1
jest.config.ts,0.0,1
src/modules/marketplace/store/getters.spec.ts,0.0,1
src/marketplace/application/ApplicationFactory.ts,0.0,1
src/modules/tender/base/constants.ts,0.0,1
src/common/types/index.ts,0.0,1
src/marketplace/Marketplace sequence and interaction between components.md ,0.0,1
src/modules/marketplace/events/index.ts,0.0,1
.env.stg,0.0,1
src/common/components/load-stops-list/__tests__/RouteStep.spec.ts,0.0,1
src/modules/notifications/compositions/index.ts,0.0,1
src/modules/accept-now-deprecated/composition/index.ts,0.0,1
src/types/localData.d.ts,0.0,1
src/integrations/monitoring.ts,0.0,1
src/common/components/table/TableTitles.vue,0.0,1
src/types/coral.d.ts,0.0,1
src/modules/orders/classes/__tests__/DayDifferenceExact.spec.ts,0.0,1
public/favicon.ico,0.0,1
src/assets/svgs/404_500_ODV.svg,0.0,1
src/modules/accept-now-deprecated/composition/mocks/useAcceptNow.ts,0.0,1
src/filters/ui/useFilters.spec.ts,0.0,1
src/modules/orders/services/errors/OrderServiceErrors.spec.ts,0.0,1
src/modules/filters/components/filter-add/Approach_for_refactoring.md,0.0,1
src/modules/filters/events/FilterEventBusEvents.ts,0.0,1
src/modules/accept-now-deprecated/app/accept-now-block/index.ts,0.0,1
src/experiments/time-auction/index.ts,0.0,1
src/common/http/request-manager.ts,0.0,1
src/common/compositions/useTotalDistance.spec.ts,0.0,1
src/modules/accept-now-deprecated/events/mocks/index.ts,0.0,1
src/common/types/ResponseWrapper.ts,0.0,1
src/styles/animations.scss,0.0,1
src/architecture-vision/README.md,0.0,1
src/modules/filters/services/FilterService.spec.ts,0.0,1
src/index.ts,0.0,1
src/notifications/index.ts,0.0,1
src/common/compositions/useRoute.spec.ts,0.0,1
src/modules/accept-now-deprecated/constants.ts,0.0,1
src/store/readme.md,0.0,1
src/modules/bids/services/.gitkeep,0.0,1
src/styles/dialog-style.scss,0.0,1
src/modules/currencies/index.ts,0.0,1
src/modules/tender/classes/tender-details/LoadRequirement.ts,0.0,1
src/modules/accept-now-deprecated/models/accept-now-dialog.ts,0.0,1
src/common/compositions/useWindow.spec.ts,0.0,1
src/modules/marketplace/tracking/index.ts,0.0,1
src/modules/bids/readme.md,0.0,1
src/common/compositions/mocks/index.ts,0.0,1
src/common/http/errors/ErrorService.ts,0.0,1
src/modules/marketplace/components/MarketplaceAllLoads.vue,0.0,1
src/common/http/mocks/headers.mocks.ts,0.0,1
src/modules/accept-now-deprecated/events/index.ts,0.0,1
src/modules/inftrastructure/readme.md,0.0,1
src/global-setup.ts,0.0,1
src/modules/bids-deprecated/app/bidding-block/cancel-bid-dialog/CancelBidDialog.spec.ts,0.0,1
src/store/getter.spec.ts,0.0,1
src/common/mocks/orderIdMapping.mock.ts,0.0,1
src/modules/currencies/formatCurrency.spec.ts,0.0,1
src/modules/orders/events/OrderEventBusEvents.ts,0.0,1
src/modules/filters/services/mocks/FilterService-mock.ts,0.0,1
src/filters/mocks/index.ts,0.0,1
src/experiments/use-auth-v4/useAuthV4.ts,0.0,1
src/modules/bids/models/.gitkeep,0.0,1
src/tracking/index.ts,0.0,1
src/common/compositions/useUrlQueryParams.spec.ts,0.0,1
src/modules/config/readme.md,0.0,1
src/filters/application/use-cases/FilterByVehicleTypeUseCase.spec.ts,0.0,1
src/common/compositions/useTotalDistance.ts,0.0,1
babel.config.js,0.0,1
webpack/webpack.local.js,0.0,1
src/modules/filters/components/filter-edit/FilterEditDialog.vue,0.0,1
src/modules/accept-now-deprecated/app/useAcceptNowConfirm.spec.ts,0.0,1
src/common/compositions/useWindow.ts,0.0,1
.eslintignore,0.0,1
src/modules/accept-now-deprecated/services/index.ts,0.0,1
src/marketplace/ui/ComplementaryLoads.vue,0.0,1
src/common/http/errors/RefreshDialogError.ts,0.0,1
src/modules/filters/components/filter-details/FilterDetails.vue,0.0,1
